map_id,source_monster_handle,exp_delta,items,window_count,item_counts,item_drop_windows,item_observed_rates,source,status
5,,0,肉x1;兽牙x1,2,肉x2;兽牙x1,肉x2;兽牙x1,肉=2/2;兽牙=1/2,20260517_043413_010_conn_0005,confirmed
49,,610,铜钱x8;盗贼的首级x1;L小喇叭x1;红方巾x1;毛皮x1,9,铜钱x60;盗贼的首级x4;L小喇叭x2;红方巾x2;毛皮x1,铜钱x8;盗贼的首级x4;L小喇叭x2;红方巾x2;毛皮x1,铜钱=8/9;盗贼的首级=4/9;L小喇叭=2/9;红方巾=2/9;毛皮=1/9,20260524_113450_799_conn_0002#reward178,confirmed
49,3784555592010429,610,L小喇叭x1;铜钱x6;剔骨刀x1;红方巾x1;盗贼的首级x1;毛皮x1;盗贼布衣x1;盗贼护臂x1,20,L小喇叭x3;铜钱x95;剔骨刀x1;红方巾x3;盗贼的首级x3;毛皮x4;盗贼布衣x1;盗贼护臂x1,L小喇叭x3;铜钱x17;剔骨刀x1;红方巾x3;盗贼的首级x3;毛皮x4;盗贼布衣x1;盗贼护臂x1,L小喇叭=3/20;铜钱=17/20;剔骨刀=1/20;红方巾=3/20;盗贼的首级=3/20;毛皮=4/20;盗贼布衣=1/20;盗贼护臂=1/20,instance2.staging/20260616_215819_960_conn_0002/server-to-client-0001.bin;20260524_113450_799_conn_0002;20260531_124707_399_session_23556/20260531_124713_924_conn_0002/server-to-client-0001.bin;20260612_211741_424_session_38832/20260612_211756_199_conn_0002/server-to-client-0001.bin#reward-candidate-49-robber-452,confirmed
64,8216674186649650,0,碎铁矿x1;石块x1,2,碎铁矿x1;石块x1,碎铁矿x1;石块x1,碎铁矿=1/2;石块=1/2,20260605_230911_564_session_21960/20260605_230922_544_conn_0002/server-to-client-0001.bin#64-bluemagicrock-560,confirmed
64,8218674186650741,0,碎铁矿x1;石块x1,2,碎铁矿x1;石块x1,碎铁矿x1;石块x1,碎铁矿=1/2;石块=1/2,20260605_230911_564_session_21960/20260605_230922_544_conn_0002/server-to-client-0001.bin#64-bluemagicrock-560,confirmed
65,4710674219611654,0,废渣x1,1,废渣x1,废渣x1,废渣=1/1,20260605_230911_564_session_21960/20260605_230922_544_conn_0002/server-to-client-0001.bin#65-bluemagicrock-560,confirmed
65,4730674219612608,0,废渣x1,1,废渣x1,废渣x1,废渣=1/1,20260605_230911_564_session_21960/20260605_230922_544_conn_0002/server-to-client-0001.bin#65-bluemagicrock-560,confirmed
66,2579674249044327,0,石块x1;碎铁矿x1,1,石块x1;碎铁矿x1,石块x1;碎铁矿x1,石块=1/1;碎铁矿=1/1,20260605_230911_564_session_21960/20260605_230922_544_conn_0002/server-to-client-0001.bin#66-bluemagicrock-573,confirmed
66,2581674249044878,0,石块x1;碎铁矿x1,1,石块x1;碎铁矿x1,石块x1;碎铁矿x1,石块=1/1;碎铁矿=1/1,20260605_230911_564_session_21960/20260605_230922_544_conn_0002/server-to-client-0001.bin#66-bluemagicrock-573,confirmed
66,2583674249045842,0,废渣x1,1,废渣x1,废渣x1,废渣=1/1,20260605_230911_564_session_21960/20260605_230922_544_conn_0002/server-to-client-0001.bin#66-bluemagicrock-586,confirmed
67,5375674287331644,0,废渣x1;石块x1;碎铁矿x1,1,废渣x1;石块x1;碎铁矿x1,废渣x1;石块x1;碎铁矿x1,废渣=1/1;石块=1/1;碎铁矿=1/1,20260605_230911_564_session_21960/20260605_230922_544_conn_0002/server-to-client-0001.bin#67-baimagicrock-632,confirmed
67,5377674287332736,0,废渣x2;碎铁矿x1;石块x1,2,废渣x2;碎铁矿x1;石块x1,废渣x2;碎铁矿x1;石块x1,废渣=2/2;碎铁矿=1/2;石块=1/2,20260605_230911_564_session_21960/20260605_230922_544_conn_0002/server-to-client-0001.bin#67-bluemagicrock-586,confirmed
67,5379674287333653,0,废渣x2;碎铁矿x1;石块x1,2,废渣x2;碎铁矿x1;石块x1,废渣x2;碎铁矿x1;石块x1,废渣=2/2;碎铁矿=1/2;石块=1/2,20260605_230911_564_session_21960/20260605_230922_544_conn_0002/server-to-client-0001.bin#67-bluemagicrock-586,confirmed
68,1509674533823464,0,L小喇叭x1;石块x1;碎铁矿x2;废渣x2,3,L小喇叭x1;石块x1;碎铁矿x2;废渣x2,L小喇叭x1;石块x1;碎铁矿x2;废渣x2,L小喇叭=1/3;石块=1/3;碎铁矿=2/3;废渣=2/3,20260605_230911_564_session_21960/20260605_230922_544_conn_0002/server-to-client-0001.bin#68-baimagicrock-632,confirmed
68,1511674533825915,0,L小喇叭x1;石块x1;碎铁矿x2;废渣x2,3,L小喇叭x1;石块x1;碎铁矿x2;废渣x2,L小喇叭x1;石块x1;碎铁矿x2;废渣x2,L小喇叭=1/3;石块=1/3;碎铁矿=2/3;废渣=2/3,20260605_230911_564_session_21960/20260605_230922_544_conn_0002/server-to-client-0001.bin#68-baimagicrock-632,confirmed
68,1513674533826981,0,L小喇叭x1;石块x1;碎铁矿x2;废渣x2,3,L小喇叭x1;石块x1;碎铁矿x2;废渣x2,L小喇叭x1;石块x1;碎铁矿x2;废渣x2,L小喇叭=1/3;石块=1/3;碎铁矿=2/3;废渣=2/3,20260605_230911_564_session_21960/20260605_230922_544_conn_0002/server-to-client-0001.bin#68-baimagicrock-632,confirmed
68,1515674533827497,0,L小喇叭x1;石块x1;碎铁矿x2;废渣x2,3,L小喇叭x1;石块x1;碎铁矿x2;废渣x2,L小喇叭x1;石块x1;碎铁矿x2;废渣x2,L小喇叭=1/3;石块=1/3;碎铁矿=2/3;废渣=2/3,20260605_230911_564_session_21960/20260605_230922_544_conn_0002/server-to-client-0001.bin#68-baimagicrock-632,confirmed
69,4255674575781235,0,石块x2;碎铁矿x1;L小喇叭x1,2,石块x2;碎铁矿x1;L小喇叭x1,石块x2;碎铁矿x1;L小喇叭x1,石块=2/2;碎铁矿=1/2;L小喇叭=1/2,20260605_230911_564_session_21960/20260605_230922_544_conn_0002/server-to-client-0001.bin#69-baimagicrock-570,confirmed
69,4257674575782978,0,石块x2;碎铁矿x1;L小喇叭x1,2,石块x2;碎铁矿x1;L小喇叭x1,石块x2;碎铁矿x1;L小喇叭x1,石块=2/2;碎铁矿=1/2;L小喇叭=1/2,20260605_230911_564_session_21960/20260605_230922_544_conn_0002/server-to-client-0001.bin#69-baimagicrock-570,confirmed
69,4259674575784252,0,废渣x1;石块x1,1,废渣x1;石块x1,废渣x1;石块x1,废渣=1/1;石块=1/1,20260605_230911_564_session_21960/20260605_230922_544_conn_0002/server-to-client-0001.bin#69-baimagicrock-745,confirmed
69,4261674575785819,0,废渣x1;石块x1,1,废渣x1;石块x1,废渣x1;石块x1,废渣=1/1;石块=1/1,20260605_230911_564_session_21960/20260605_230922_544_conn_0002/server-to-client-0001.bin#69-baimagicrock-745,confirmed
71,1183674677329555,0,废渣x2;石块x2;碎铁矿x2,4,废渣x2;石块x2;碎铁矿x2,废渣x2;石块x2;碎铁矿x2,废渣=2/4;石块=2/4;碎铁矿=2/4,20260605_230911_564_session_21960/20260605_230922_544_conn_0002/server-to-client-0001.bin#71-baimagicrock-570,confirmed
71,1185674677330655,0,废渣x2;石块x2;碎铁矿x2,4,废渣x2;石块x2;碎铁矿x2,废渣x2;石块x2;碎铁矿x2,废渣=2/4;石块=2/4;碎铁矿=2/4,20260605_230911_564_session_21960/20260605_230922_544_conn_0002/server-to-client-0001.bin#71-baimagicrock-570,confirmed
71,1187674677331194,0,废渣x1;石块x1,1,废渣x1;石块x1,废渣x1;石块x1,废渣=1/1;石块=1/1,20260605_230911_564_session_21960/20260605_230922_544_conn_0002/server-to-client-0001.bin#69-baimagicrock-745,confirmed
71,1189674677333369,0,废渣x1;石块x1,1,废渣x1;石块x1,废渣x1;石块x1,废渣=1/1;石块=1/1,20260605_230911_564_session_21960/20260605_230922_544_conn_0002/server-to-client-0001.bin#69-baimagicrock-745,confirmed
71,1191674677334956,0,废渣x2;石块x2;碎铁矿x2,4,废渣x2;石块x2;碎铁矿x2,废渣x2;石块x2;碎铁矿x2,废渣=2/4;石块=2/4;碎铁矿=2/4,20260605_230911_564_session_21960/20260605_230922_544_conn_0002/server-to-client-0001.bin#71-baimagicrock-570,confirmed
71,1193674677335390,0,废渣x2;石块x2;碎铁矿x2,4,废渣x2;石块x2;碎铁矿x2,废渣x2;石块x2;碎铁矿x2,废渣=2/4;石块=2/4;碎铁矿=2/4,20260605_230911_564_session_21960/20260605_230922_544_conn_0002/server-to-client-0001.bin#71-baimagicrock-570,confirmed
72,5313674881098281,292,废渣x1,1,废渣x1,废渣x1,废渣=1/1,20260605_230911_564_session_21960/20260605_230922_544_conn_0002/server-to-client-0001.bin#72-crystalrock-708,confirmed
72,5315674881099944,292,废渣x1;石块x1;碎铁矿x1,2,废渣x1;石块x1;碎铁矿x1,废渣x1;石块x1;碎铁矿x1,废渣=1/2;石块=1/2;碎铁矿=1/2,20260605_230911_564_session_21960/20260605_230922_544_conn_0002/server-to-client-0001.bin#72-crystalrock-547,confirmed
72,5317674881101168,292,废渣x1,1,废渣x1,废渣x1,废渣=1/1,20260605_230911_564_session_21960/20260605_230922_544_conn_0002/server-to-client-0001.bin#72-crystalrock-708,confirmed
72,5319674881102907,292,废渣x1,1,废渣x1,废渣x1,废渣=1/1,20260605_230911_564_session_21960/20260605_230922_544_conn_0002/server-to-client-0001.bin#72-crystalrock-708,confirmed
72,5321674881103452,292,废渣x1;石块x1;碎铁矿x1,2,废渣x1;石块x1;碎铁矿x1,废渣x1;石块x1;碎铁矿x1,废渣=1/2;石块=1/2;碎铁矿=1/2,20260605_230911_564_session_21960/20260605_230922_544_conn_0002/server-to-client-0001.bin#72-crystalrock-547,confirmed
73,5579674739334441,292,碎铁矿x1;废渣x3;石块x1,4,碎铁矿x1;废渣x3;石块x1,碎铁矿x1;废渣x3;石块x1,碎铁矿=1/4;废渣=3/4;石块=1/4,20260605_230911_564_session_21960/20260605_230922_544_conn_0002/server-to-client-0001.bin#73-crystalrock-708,confirmed
73,5581674739336439,292,碎铁矿x1;废渣x3;石块x1,4,碎铁矿x1;废渣x3;石块x1,碎铁矿x1;废渣x3;石块x1,碎铁矿=1/4;废渣=3/4;石块=1/4,20260605_230911_564_session_21960/20260605_230922_544_conn_0002/server-to-client-0001.bin#73-crystalrock-708,confirmed
73,5583674739338294,292,碎铁矿x1;废渣x3;石块x1,4,碎铁矿x1;废渣x3;石块x1,碎铁矿x1;废渣x3;石块x1,碎铁矿=1/4;废渣=3/4;石块=1/4,20260605_230911_564_session_21960/20260605_230922_544_conn_0002/server-to-client-0001.bin#73-crystalrock-708,confirmed
73,5585674739340680,292,碎铁矿x1;废渣x3;石块x1,4,碎铁矿x1;废渣x3;石块x1,碎铁矿x1;废渣x3;石块x1,碎铁矿=1/4;废渣=3/4;石块=1/4,20260605_230911_564_session_21960/20260605_230922_544_conn_0002/server-to-client-0001.bin#73-crystalrock-708,confirmed
73,5587674739342989,292,废渣x1;石块x1;碎铁矿x1,2,废渣x1;石块x1;碎铁矿x1,废渣x1;石块x1;碎铁矿x1,废渣=1/2;石块=1/2;碎铁矿=1/2,20260605_230911_564_session_21960/20260605_230922_544_conn_0002/server-to-client-0001.bin#73-crystalrock-547,confirmed
73,5589674739343164,292,废渣x1;石块x1;碎铁矿x1,2,废渣x1;石块x1;碎铁矿x1,废渣x1;石块x1;碎铁矿x1,废渣=1/2;石块=1/2;碎铁矿=1/2,20260605_230911_564_session_21960/20260605_230922_544_conn_0002/server-to-client-0001.bin#73-crystalrock-547,confirmed
74,9031674933909671,0,废渣x1;石块x1;碎铁矿x1,1,废渣x2;石块x2;碎铁矿x1,废渣x1;石块x1;碎铁矿x1,废渣=1/1;石块=1/1;碎铁矿=1/1,20260605_230911_564_session_21960/20260605_230922_544_conn_0002/server-to-client-0001.bin#74-baimagicrock-570,confirmed
74,9033674933911913,0,废渣x1;石块x1;碎铁矿x1,1,废渣x2;石块x2;碎铁矿x1,废渣x1;石块x1;碎铁矿x1,废渣=1/1;石块=1/1;碎铁矿=1/1,20260605_230911_564_session_21960/20260605_230922_544_conn_0002/server-to-client-0001.bin#74-baimagicrock-570,confirmed
74,9035674933912540,0,废渣x2;石块x1;碎铁矿x1,2,废渣x2;石块x1;碎铁矿x1,废渣x2;石块x1;碎铁矿x1,废渣=2/2;石块=1/2;碎铁矿=1/2,20260605_230911_564_session_21960/20260605_230922_544_conn_0002/server-to-client-0001.bin#74-baimagicrock-745,confirmed
74,9037674933914197,0,废渣x2;石块x1;碎铁矿x1,2,废渣x2;石块x1;碎铁矿x1,废渣x2;石块x1;碎铁矿x1,废渣=2/2;石块=1/2;碎铁矿=1/2,20260605_230911_564_session_21960/20260605_230922_544_conn_0002/server-to-client-0001.bin#74-baimagicrock-745,confirmed
74,9039674933915532,584,石块x1;废渣x1,1,石块x1;废渣x1,石块x1;废渣x1,石块=1/1;废渣=1/1,20260605_230911_564_session_21960/20260605_230922_544_conn_0002/server-to-client-0001.bin#74-crystalrock-708,confirmed
74,9041674933916861,584,石块x1;废渣x1,1,石块x1;废渣x1,石块x1;废渣x1,石块=1/1;废渣=1/1,20260605_230911_564_session_21960/20260605_230922_544_conn_0002/server-to-client-0001.bin#74-crystalrock-708,confirmed
75,8110675527789273,632,废渣x2;石块x2;碎铁矿x1,2,废渣x4;石块x3;碎铁矿x1,废渣x2;石块x2;碎铁矿x1,废渣=2/2;石块=2/2;碎铁矿=1/2,20260605_230911_564_session_21960/20260605_230922_544_conn_0002/server-to-client-0001.bin#75-crystalrock-730,confirmed
75,8130675527791587,632,废渣x2;石块x2;碎铁矿x1,2,废渣x4;石块x3;碎铁矿x1,废渣x2;石块x2;碎铁矿x1,废渣=2/2;石块=2/2;碎铁矿=1/2,20260605_230911_564_session_21960/20260605_230922_544_conn_0002/server-to-client-0001.bin#75-crystalrock-730,confirmed
75,8150675527792799,292,废渣x1;石块x1,1,废渣x1;石块x1,废渣x1;石块x1,废渣=1/1;石块=1/1,20260605_230911_564_session_21960/20260605_230922_544_conn_0002/server-to-client-0001.bin#75-crystalrock-547,confirmed
75,8170675527794372,632,废渣x2;石块x2;碎铁矿x1,2,废渣x4;石块x3;碎铁矿x1,废渣x2;石块x2;碎铁矿x1,废渣=2/2;石块=2/2;碎铁矿=1/2,20260605_230911_564_session_21960/20260605_230922_544_conn_0002/server-to-client-0001.bin#75-crystalrock-730,confirmed
75,8190675527795636,632,废渣x2;石块x2;碎铁矿x1,2,废渣x4;石块x3;碎铁矿x1,废渣x2;石块x2;碎铁矿x1,废渣=2/2;石块=2/2;碎铁矿=1/2,20260605_230911_564_session_21960/20260605_230922_544_conn_0002/server-to-client-0001.bin#75-crystalrock-730,confirmed
75,8210675527797680,292,废渣x1;石块x1,1,废渣x1;石块x1,废渣x1;石块x1,废渣=1/1;石块=1/1,20260605_230911_564_session_21960/20260605_230922_544_conn_0002/server-to-client-0001.bin#75-crystalrock-547,confirmed
76,1038675671970511,632,废渣x1;L小喇叭x1;石块x1;碎铁矿x1,1,废渣x2;L小喇叭x1;石块x1;碎铁矿x1,废渣x1;L小喇叭x1;石块x1;碎铁矿x1,废渣=1/1;L小喇叭=1/1;石块=1/1;碎铁矿=1/1,20260605_230911_564_session_21960/20260605_230922_544_conn_0002/server-to-client-0001.bin#76-crystalrock-730,confirmed
76,1040675671971889,632,废渣x1;L小喇叭x1;石块x1;碎铁矿x1,1,废渣x2;L小喇叭x1;石块x1;碎铁矿x1,废渣x1;L小喇叭x1;石块x1;碎铁矿x1,废渣=1/1;L小喇叭=1/1;石块=1/1;碎铁矿=1/1,20260605_230911_564_session_21960/20260605_230922_544_conn_0002/server-to-client-0001.bin#76-crystalrock-730,confirmed
76,1042675671973672,632,废渣x1;L小喇叭x1;石块x1;碎铁矿x1,1,废渣x2;L小喇叭x1;石块x1;碎铁矿x1,废渣x1;L小喇叭x1;石块x1;碎铁矿x1,废渣=1/1;L小喇叭=1/1;石块=1/1;碎铁矿=1/1,20260605_230911_564_session_21960/20260605_230922_544_conn_0002/server-to-client-0001.bin#76-crystalrock-730,confirmed
76,1044675671974869,584,废渣x1;石块x1,1,废渣x2;石块x1,废渣x1;石块x1,废渣=1/1;石块=1/1,20260605_230911_564_session_21960/20260605_230922_544_conn_0002/server-to-client-0001.bin#76-crystalrock-547,confirmed
76,1046675671975970,584,废渣x1;石块x1,1,废渣x2;石块x1,废渣x1;石块x1,废渣=1/1;石块=1/1,20260605_230911_564_session_21960/20260605_230922_544_conn_0002/server-to-client-0001.bin#76-crystalrock-547,confirmed
76,1048675671977626,682,废渣x1;石块x2;水晶x1;岩魔菱石x1;岩魔球石x1;巨岩魔的拳x1;巨岩魔的头x1;岩化护腿x1;蓝晶护肩x1;岩魔剑x1;宝匣x1,2,废渣x2;石块x3;水晶x2;岩魔菱石x2;岩魔球石x2;巨岩魔的拳x2;巨岩魔的头x1;岩化护腿x2;蓝晶护肩x2;岩魔剑x1;宝匣x1,废渣x2;石块x2;水晶x2;岩魔菱石x2;岩魔球石x2;巨岩魔的拳x2;巨岩魔的头x1;岩化护腿x2;蓝晶护肩x2;岩魔剑x1;宝匣x1,废渣=2/2;石块=2/2;水晶=2/2;岩魔菱石=2/2;岩魔球石=2/2;巨岩魔的拳=2/2;巨岩魔的头=1/2;岩化护腿=1/5;蓝晶护肩=1/5;岩魔剑=1/5;宝匣=1/2,20260605_230911_564_session_21960/20260605_230922_544_conn_0002/server-to-client-0001.bin#76-largerock-1500;20260613_160656_039_session_27124/20260613_160706_875_conn_0002/server-to-client-0001.bin#76-largerock-1500,confirmed
77,3028675136602500,632,石块x2,2,石块x2,石块x2,石块=2/2,20260605_230911_564_session_21960/20260605_230922_544_conn_0002/server-to-client-0001.bin#77-crystalrock-730,confirmed
77,3030675136603700,632,石块x2,2,石块x2,石块x2,石块=2/2,20260605_230911_564_session_21960/20260605_230922_544_conn_0002/server-to-client-0001.bin#77-crystalrock-730,confirmed
77,3032675136605872,292,废渣x2;石块x1,2,废渣x2;石块x1,废渣x2;石块x1,废渣=2/2;石块=1/2,20260605_230911_564_session_21960/20260605_230922_544_conn_0002/server-to-client-0001.bin#77-crystalrock-547,confirmed
77,3034675136606406,632,石块x2,2,石块x2,石块x2,石块=2/2,20260605_230911_564_session_21960/20260605_230922_544_conn_0002/server-to-client-0001.bin#77-crystalrock-730,confirmed
77,3036675136607240,632,石块x2,2,石块x2,石块x2,石块=2/2,20260605_230911_564_session_21960/20260605_230922_544_conn_0002/server-to-client-0001.bin#77-crystalrock-730,confirmed
77,3038675136609295,292,废渣x2;石块x1,2,废渣x2;石块x1,废渣x2;石块x1,废渣=2/2;石块=1/2,20260605_230911_564_session_21960/20260605_230922_544_conn_0002/server-to-client-0001.bin#77-crystalrock-547,confirmed
78,1675675260682596,584,碎铁矿x1;废渣x1,1,碎铁矿x2;废渣x1,碎铁矿x1;废渣x1,碎铁矿=1/1;废渣=1/1,20260605_230911_564_session_21960/20260605_230922_544_conn_0002/server-to-client-0001.bin#78-crystalrock-547,confirmed
78,1677675260684828,584,碎铁矿x1;废渣x1,1,碎铁矿x2;废渣x1,碎铁矿x1;废渣x1,碎铁矿=1/1;废渣=1/1,20260605_230911_564_session_21960/20260605_230922_544_conn_0002/server-to-client-0001.bin#78-crystalrock-547,confirmed
78,1679675260685862,584,碎铁矿x1;废渣x1,1,碎铁矿x2;废渣x1,碎铁矿x1;废渣x1,碎铁矿=1/1;废渣=1/1,20260605_230911_564_session_21960/20260605_230922_544_conn_0002/server-to-client-0001.bin#78-crystalrock-547,confirmed
78,1681675260686878,658,废渣x1;碎铁矿x1;石块x2;岩化护腿x1;碎金片x1;岩魔菱石x1,2,废渣x1;碎铁矿x1;石块x3;岩化护腿x2;碎金片x1;岩魔菱石x1,废渣x1;碎铁矿x1;石块x2;岩化护腿x2;碎金片x1;岩魔菱石x1,废渣=1/2;碎铁矿=1/2;石块=2/2;岩化护腿=1/5;碎金片=1/2;岩魔菱石=1/2,20260605_230911_564_session_21960/20260605_230922_544_conn_0002/server-to-client-0001.bin#78-magicrockman-1500;20260613_160656_039_session_27124/20260613_160706_875_conn_0002/server-to-client-0001.bin#78-magicrockman-1500,confirmed
131,8128205778897212,0,毒囊x1;黏液x1;竹x1,3,毒囊x2;黏液x2;竹x1,毒囊x2;黏液x2;竹x1,毒囊=2/3;黏液=2/3;竹=1/3,20260531_124707_399_conn_0002#reward-candidate-127-kongfupanda,confirmed
131,8130205778898758,0,毒囊x1;黏液x1;竹x1,3,毒囊x2;黏液x2;竹x1,毒囊x2;黏液x2;竹x1,毒囊=2/3;黏液=2/3;竹=1/3,20260531_124707_399_conn_0002#reward-candidate-127-kongfupanda,confirmed
131,8132205778899676,0,毒囊x1;黏液x1;竹x1,3,毒囊x2;黏液x2;竹x1,毒囊x2;黏液x2;竹x1,毒囊=2/3;黏液=2/3;竹=1/3,20260531_124707_399_conn_0002#reward-candidate-127-kongfupanda,confirmed
132,1656205827185847,0,毒囊x1;黏液x1;竹x1,3,毒囊x2;黏液x2;竹x1,毒囊x2;黏液x2;竹x1,毒囊=2/3;黏液=2/3;竹=1/3,20260531_124707_399_conn_0002#reward-candidate-127-kongfupanda,confirmed
132,1658205827186196,0,毒囊x1;黏液x1;竹x1,3,毒囊x2;黏液x2;竹x1,毒囊x2;黏液x2;竹x1,毒囊=2/3;黏液=2/3;竹=1/3,20260531_124707_399_conn_0002#reward-candidate-127-kongfupanda,confirmed
132,1660205827187303,0,毒囊x1;黏液x1;竹x1,3,毒囊x2;黏液x2;竹x1,毒囊x2;黏液x2;竹x1,毒囊=2/3;黏液=2/3;竹=1/3,20260531_124707_399_conn_0002#reward-candidate-127-kongfupanda,confirmed
132,1662205827187552,0,毒囊x1;黏液x1;竹x1,3,毒囊x2;黏液x2;竹x1,毒囊x2;黏液x2;竹x1,毒囊=2/3;黏液=2/3;竹=1/3,20260531_124707_399_conn_0002#reward-candidate-127-kongfupanda,confirmed
132,1664205827188995,0,毒囊x1;黏液x1;竹x1,3,毒囊x2;黏液x2;竹x1,毒囊x2;黏液x2;竹x1,毒囊=2/3;黏液=2/3;竹=1/3,20260531_124707_399_conn_0002#reward-candidate-127-kongfupanda,confirmed
132,1666205827189909,0,毒囊x1;黏液x1;竹x1,3,毒囊x2;黏液x2;竹x1,毒囊x2;黏液x2;竹x1,毒囊=2/3;黏液=2/3;竹=1/3,20260531_124707_399_conn_0002#reward-candidate-127-kongfupanda,confirmed
133,8112205902790159,0,毒囊x1;黏液x1;竹x1,3,毒囊x2;黏液x2;竹x1,毒囊x2;黏液x2;竹x1,毒囊=2/3;黏液=2/3;竹=1/3,20260531_124707_399_conn_0002#reward-candidate-127-kongfupanda,confirmed
133,8114205902791857,0,毒囊x1;黏液x1;竹x1,3,毒囊x2;黏液x2;竹x1,毒囊x2;黏液x2;竹x1,毒囊=2/3;黏液=2/3;竹=1/3,20260531_124707_399_conn_0002#reward-candidate-127-kongfupanda,confirmed
133,8116205902792836,0,毒囊x1;黏液x1;竹x1,3,毒囊x2;黏液x2;竹x1,毒囊x2;黏液x2;竹x1,毒囊=2/3;黏液=2/3;竹=1/3,20260531_124707_399_conn_0002#reward-candidate-127-kongfupanda,confirmed
133,8118205902792830,0,毒囊x1;黏液x1;竹x1,3,毒囊x2;黏液x2;竹x1,毒囊x2;黏液x2;竹x1,毒囊=2/3;黏液=2/3;竹=1/3,20260531_124707_399_conn_0002#reward-candidate-127-kongfupanda,confirmed
133,8120205902793205,0,毒囊x1;黏液x1;竹x1,3,毒囊x2;黏液x2;竹x1,毒囊x2;黏液x2;竹x1,毒囊=2/3;黏液=2/3;竹=1/3,20260531_124707_399_conn_0002#reward-candidate-127-kongfupanda,confirmed
133,8122205902794636,0,毒囊x1;黏液x1;竹x1,3,毒囊x2;黏液x2;竹x1,毒囊x2;黏液x2;竹x1,毒囊=2/3;黏液=2/3;竹=1/3,20260531_124707_399_conn_0002#reward-candidate-127-kongfupanda,confirmed
137,4889205982270617,0,毒囊x2;翠带护腰x1,4,毒囊x6;翠带护腰x1,毒囊x4;翠带护腰x1,毒囊=4/4;翠带护腰=1/4,20260531_124707_399_conn_0002#reward-candidate-127-swordpanda,confirmed
137,4891205982270480,0,毒囊x2;翠带护腰x1,4,毒囊x6;翠带护腰x1,毒囊x4;翠带护腰x1,毒囊=4/4;翠带护腰=1/4,20260531_124707_399_conn_0002#reward-candidate-127-swordpanda,confirmed
137,4893205982271973,0,毒囊x2;翠带护腰x1,4,毒囊x6;翠带护腰x1,毒囊x4;翠带护腰x1,毒囊=4/4;翠带护腰=1/4,20260531_124707_399_conn_0002#reward-candidate-127-swordpanda,confirmed
137,4895205982272135,0,L小喇叭x1;黏液x1;甘露x1;毒囊x1,7,L小喇叭x1;黏液x8;甘露x4;毒囊x2,L小喇叭x1;黏液x7;甘露x3;毒囊x2,L小喇叭=1/7;黏液=7/7;甘露=3/7;毒囊=2/7,20260531_124707_399_conn_0002#reward-candidate-127-magicpanda,confirmed
137,4897205982273653,0,L小喇叭x1;黏液x1;甘露x1;毒囊x1,7,L小喇叭x1;黏液x8;甘露x4;毒囊x2,L小喇叭x1;黏液x7;甘露x3;毒囊x2,L小喇叭=1/7;黏液=7/7;甘露=3/7;毒囊=2/7,20260531_124707_399_conn_0002#reward-candidate-127-magicpanda,confirmed
137,4899205982273477,0,L小喇叭x1;黏液x1;甘露x1;毒囊x1,7,L小喇叭x1;黏液x8;甘露x4;毒囊x2,L小喇叭x1;黏液x7;甘露x3;毒囊x2,L小喇叭=1/7;黏液=7/7;甘露=3/7;毒囊=2/7,20260531_124707_399_conn_0002#reward-candidate-127-magicpanda,confirmed
140,8424206376338175,0,毒囊x2;翠带护腰x1,4,毒囊x6;翠带护腰x1,毒囊x4;翠带护腰x1,毒囊=4/4;翠带护腰=1/4,20260531_124707_399_conn_0002#reward-candidate-127-swordpanda,confirmed
140,8426206376339691,0,毒囊x2;翠带护腰x1,4,毒囊x6;翠带护腰x1,毒囊x4;翠带护腰x1,毒囊=4/4;翠带护腰=1/4,20260531_124707_399_conn_0002#reward-candidate-127-swordpanda,confirmed
140,8428206376340510,0,毒囊x2;翠带护腰x1,4,毒囊x6;翠带护腰x1,毒囊x4;翠带护腰x1,毒囊=4/4;翠带护腰=1/4,20260531_124707_399_conn_0002#reward-candidate-127-swordpanda,confirmed
140,8430206376341780,0,毒囊x1;黏液x1;竹x1,3,毒囊x2;黏液x2;竹x1,毒囊x2;黏液x2;竹x1,毒囊=2/3;黏液=2/3;竹=1/3,20260531_124707_399_conn_0002#reward-candidate-127-kongfupanda,confirmed
140,8432206376342756,0,毒囊x1;黏液x1;竹x1,3,毒囊x2;黏液x2;竹x1,毒囊x2;黏液x2;竹x1,毒囊=2/3;黏液=2/3;竹=1/3,20260531_124707_399_conn_0002#reward-candidate-127-kongfupanda,confirmed
141,4710206556985181,0,毒囊x2;翠带护腰x1,4,毒囊x6;翠带护腰x1,毒囊x4;翠带护腰x1,毒囊=4/4;翠带护腰=1/4,20260531_124707_399_conn_0002#reward-candidate-127-swordpanda,confirmed
141,4712206556985489,0,毒囊x2;翠带护腰x1,4,毒囊x6;翠带护腰x1,毒囊x4;翠带护腰x1,毒囊=4/4;翠带护腰=1/4,20260531_124707_399_conn_0002#reward-candidate-127-swordpanda,confirmed
141,4714206556986370,0,毒囊x2;翠带护腰x1,4,毒囊x6;翠带护腰x1,毒囊x4;翠带护腰x1,毒囊=4/4;翠带护腰=1/4,20260531_124707_399_conn_0002#reward-candidate-127-swordpanda,confirmed
141,4716206556987104,0,毒囊x2;翠带护腰x1,4,毒囊x6;翠带护腰x1,毒囊x4;翠带护腰x1,毒囊=4/4;翠带护腰=1/4,20260531_124707_399_conn_0002#reward-candidate-127-swordpanda,confirmed
141,4718206556987620,0,毒囊x2;翠带护腰x1,4,毒囊x6;翠带护腰x1,毒囊x4;翠带护腰x1,毒囊=4/4;翠带护腰=1/4,20260531_124707_399_conn_0002#reward-candidate-127-swordpanda,confirmed
141,4720206556988825,0,毒囊x2;翠带护腰x1,4,毒囊x6;翠带护腰x1,毒囊x4;翠带护腰x1,毒囊=4/4;翠带护腰=1/4,20260531_124707_399_conn_0002#reward-candidate-127-swordpanda,confirmed
142,9556206735436383,0,毒囊x2;翠带护腰x1,4,毒囊x6;翠带护腰x1,毒囊x4;翠带护腰x1,毒囊=4/4;翠带护腰=1/4,20260531_124707_399_conn_0002#reward-candidate-127-swordpanda,confirmed
142,9558206735437433,0,毒囊x2;翠带护腰x1,4,毒囊x6;翠带护腰x1,毒囊x4;翠带护腰x1,毒囊=4/4;翠带护腰=1/4,20260531_124707_399_conn_0002#reward-candidate-127-swordpanda,confirmed
142,9560206735437619,0,L小喇叭x1;黏液x1;甘露x1;毒囊x1,7,L小喇叭x1;黏液x8;甘露x4;毒囊x2,L小喇叭x1;黏液x7;甘露x3;毒囊x2,L小喇叭=1/7;黏液=7/7;甘露=3/7;毒囊=2/7,20260531_124707_399_conn_0002#reward-candidate-127-magicpanda,confirmed
142,9562206735438199,0,L小喇叭x1;黏液x1;甘露x1;毒囊x1,7,L小喇叭x1;黏液x8;甘露x4;毒囊x2,L小喇叭x1;黏液x7;甘露x3;毒囊x2,L小喇叭=1/7;黏液=7/7;甘露=3/7;毒囊=2/7,20260531_124707_399_conn_0002#reward-candidate-127-magicpanda,confirmed
142,9564206735439303,0,L小喇叭x1;黏液x1;甘露x1;毒囊x1,7,L小喇叭x1;黏液x8;甘露x4;毒囊x2,L小喇叭x1;黏液x7;甘露x3;毒囊x2,L小喇叭=1/7;黏液=7/7;甘露=3/7;毒囊=2/7,20260531_124707_399_conn_0002#reward-candidate-127-magicpanda,confirmed
142,9566206735440658,0,毒囊x2;翠带护腰x1,4,毒囊x6;翠带护腰x1,毒囊x4;翠带护腰x1,毒囊=4/4;翠带护腰=1/4,20260531_124707_399_conn_0002#reward-candidate-127-swordpanda,confirmed
142,9568206735440182,0,毒囊x2;翠带护腰x1,4,毒囊x6;翠带护腰x1,毒囊x4;翠带护腰x1,毒囊=4/4;翠带护腰=1/4,20260531_124707_399_conn_0002#reward-candidate-127-swordpanda,confirmed
143,5166206909805441,0,L小喇叭x1;黏液x1;甘露x1;毒囊x1,7,L小喇叭x1;黏液x8;甘露x4;毒囊x2,L小喇叭x1;黏液x7;甘露x3;毒囊x2,L小喇叭=1/7;黏液=7/7;甘露=3/7;毒囊=2/7,20260531_124707_399_conn_0002#reward-candidate-127-magicpanda,confirmed
143,5168206909805631,0,L小喇叭x1;黏液x1;甘露x1;毒囊x1,7,L小喇叭x1;黏液x8;甘露x4;毒囊x2,L小喇叭x1;黏液x7;甘露x3;毒囊x2,L小喇叭=1/7;黏液=7/7;甘露=3/7;毒囊=2/7,20260531_124707_399_conn_0002#reward-candidate-127-magicpanda,confirmed
143,5170206909806155,0,L小喇叭x1;黏液x1;甘露x1;毒囊x1,7,L小喇叭x1;黏液x8;甘露x4;毒囊x2,L小喇叭x1;黏液x7;甘露x3;毒囊x2,L小喇叭=1/7;黏液=7/7;甘露=3/7;毒囊=2/7,20260531_124707_399_conn_0002#reward-candidate-127-magicpanda,confirmed
143,5172206909807859,0,毒囊x2;翠带护腰x1,4,毒囊x6;翠带护腰x1,毒囊x4;翠带护腰x1,毒囊=4/4;翠带护腰=1/4,20260531_124707_399_conn_0002#reward-candidate-127-swordpanda,confirmed
143,5174206909807286,0,毒囊x2;翠带护腰x1,4,毒囊x6;翠带护腰x1,毒囊x4;翠带护腰x1,毒囊=4/4;翠带护腰=1/4,20260531_124707_399_conn_0002#reward-candidate-127-swordpanda,confirmed
143,5176206909809579,0,毒囊x5;肉x1;黏液x1;蛤蟆精战靴x1;铜钱x50,1,毒囊x5;肉x1;黏液x1;蛤蟆精战靴x1;铜钱x50,毒囊x1;肉x1;黏液x1;蛤蟆精战靴x1;铜钱x1,毒囊=1/1;肉=1/1;黏液=1/1;蛤蟆精战靴=1/1;铜钱=1/1,20260531_124707_399_conn_0002#cracktoad-visible-boss,confirmed
144,2762206074545916,0,毒囊x1;黏液x1;竹x1,3,毒囊x2;黏液x2;竹x1,毒囊x2;黏液x2;竹x1,毒囊=2/3;黏液=2/3;竹=1/3,20260531_124707_399_conn_0002#reward-candidate-127-kongfupanda,confirmed
144,2764206074546810,0,毒囊x1;黏液x1;竹x1,3,毒囊x2;黏液x2;竹x1,毒囊x2;黏液x2;竹x1,毒囊=2/3;黏液=2/3;竹=1/3,20260531_124707_399_conn_0002#reward-candidate-127-kongfupanda,confirmed
144,2766206074547838,0,毒囊x1;黏液x1;竹x1,3,毒囊x2;黏液x2;竹x1,毒囊x2;黏液x2;竹x1,毒囊=2/3;黏液=2/3;竹=1/3,20260531_124707_399_conn_0002#reward-candidate-127-kongfupanda,confirmed
144,2768206074548639,0,毒囊x2;翠带护腰x1,4,毒囊x6;翠带护腰x1,毒囊x4;翠带护腰x1,毒囊=4/4;翠带护腰=1/4,20260531_124707_399_conn_0002#reward-candidate-127-swordpanda,confirmed
144,2770206074548423,0,毒囊x2;翠带护腰x1,4,毒囊x6;翠带护腰x1,毒囊x4;翠带护腰x1,毒囊=4/4;翠带护腰=1/4,20260531_124707_399_conn_0002#reward-candidate-127-swordpanda,confirmed
145,2890206197338884,0,毒囊x2;翠带护腰x1,4,毒囊x6;翠带护腰x1,毒囊x4;翠带护腰x1,毒囊=4/4;翠带护腰=1/4,20260531_124707_399_conn_0002#reward-candidate-127-swordpanda,confirmed
145,2892206197339825,0,毒囊x2;翠带护腰x1,4,毒囊x6;翠带护腰x1,毒囊x4;翠带护腰x1,毒囊=4/4;翠带护腰=1/4,20260531_124707_399_conn_0002#reward-candidate-127-swordpanda,confirmed
145,2894206197340572,0,L小喇叭x1;黏液x1;甘露x1;毒囊x1,7,L小喇叭x1;黏液x8;甘露x4;毒囊x2,L小喇叭x1;黏液x7;甘露x3;毒囊x2,L小喇叭=1/7;黏液=7/7;甘露=3/7;毒囊=2/7,20260531_124707_399_conn_0002#reward-candidate-127-magicpanda,confirmed
145,2896206197341225,0,L小喇叭x1;黏液x1;甘露x1;毒囊x1,7,L小喇叭x1;黏液x8;甘露x4;毒囊x2,L小喇叭x1;黏液x7;甘露x3;毒囊x2,L小喇叭=1/7;黏液=7/7;甘露=3/7;毒囊=2/7,20260531_124707_399_conn_0002#reward-candidate-127-magicpanda,confirmed
145,2898206197342379,0,毒囊x2;翠带护腰x1,4,毒囊x6;翠带护腰x1,毒囊x4;翠带护腰x1,毒囊=4/4;翠带护腰=1/4,20260531_124707_399_conn_0002#reward-candidate-127-swordpanda,confirmed
145,2900206197343711,0,毒囊x2;翠带护腰x1,4,毒囊x6;翠带护腰x1,毒囊x4;翠带护腰x1,毒囊=4/4;翠带护腰=1/4,20260531_124707_399_conn_0002#reward-candidate-127-swordpanda,confirmed
149,3218685759638239,336,毛皮x2;铜钱x131;盗贼的首级x1;黄风腰带x1;兽骨x1;黄风围巾x1;头骨x1;雪莲花x1,2,毛皮x4;铜钱x261;盗贼的首级x2;黄风腰带x1;兽骨x1;黄风围巾x1;头骨x1;雪莲花x1,毛皮x2;铜钱x2;盗贼的首级x2;黄风腰带x1;兽骨x1;黄风围巾x1;头骨x1;雪莲花x1,毛皮=2/2;铜钱=2/2;盗贼的首级=2/2;黄风腰带=1/2;兽骨=1/2;黄风围巾=1/2;头骨=1/2;雪莲花=1/2,20260605_230922_544_conn_0002#reward15002;20260612_211756_199_conn_0002#reward29183-battleItems,confirmed
149,3220685759639165,336,毛皮x2;铜钱x131;盗贼的首级x1;黄风腰带x1;兽骨x1;黄风围巾x1;头骨x1;雪莲花x1,2,毛皮x4;铜钱x261;盗贼的首级x2;黄风腰带x1;兽骨x1;黄风围巾x1;头骨x1;雪莲花x1,毛皮x2;铜钱x2;盗贼的首级x2;黄风腰带x1;兽骨x1;黄风围巾x1;头骨x1;雪莲花x1,毛皮=2/2;铜钱=2/2;盗贼的首级=2/2;黄风腰带=1/2;兽骨=1/2;黄风围巾=1/2;头骨=1/2;雪莲花=1/2,20260605_230922_544_conn_0002#reward15002;20260612_211756_199_conn_0002#reward29183-battleItems,confirmed
155,2600686416056495,720,红方巾x2;绸缎x3;铜钱x280;盗贼的首级x1;呼啸战靴x1;寨夫人上衣x1;寨夫人护腕x1;宝匣x1,2,红方巾x4;绸缎x6;铜钱x560;盗贼的首级x2;呼啸战靴x1;寨夫人上衣x1;寨夫人护腕x1;宝匣x1,红方巾x2;绸缎x2;铜钱x2;盗贼的首级x2;呼啸战靴x1;寨夫人上衣x1;寨夫人护腕x1;宝匣x1,红方巾=2/2;绸缎=2/2;铜钱=2/2;盗贼的首级=2/2;呼啸战靴=1/2;寨夫人上衣=1/2;寨夫人护腕=1/2;宝匣=1/2,20260605_230922_544_conn_0002#reward17886;20260612_211756_199_conn_0002#reward31734,confirmed
155,2800686416057704,720,红方巾x2;绸缎x3;铜钱x280;盗贼的首级x1;呼啸战靴x1;寨夫人上衣x1;寨夫人护腕x1;宝匣x1,2,红方巾x4;绸缎x6;铜钱x560;盗贼的首级x2;呼啸战靴x1;寨夫人上衣x1;寨夫人护腕x1;宝匣x1,红方巾x2;绸缎x2;铜钱x2;盗贼的首级x2;呼啸战靴x1;寨夫人上衣x1;寨夫人护腕x1;宝匣x1,红方巾=2/2;绸缎=2/2;铜钱=2/2;盗贼的首级=2/2;呼啸战靴=1/2;寨夫人上衣=1/2;寨夫人护腕=1/2;宝匣=1/2,20260605_230922_544_conn_0002#reward17886;20260612_211756_199_conn_0002#reward31734,confirmed
158,5835621591157688,458,兽牙x1;兽骨x1;肉x1;L小喇叭x1;兽血x1,8,兽牙x6;兽骨x6;肉x2;L小喇叭x2;兽血x6,兽牙x6;兽骨x6;肉x2;L小喇叭x2;兽血x6,兽牙=6/8;兽骨=6/8;肉=2/8;L小喇叭=2/8;兽血=6/8,instance2.staging/20260616_215819_960_conn_0002/server-to-client-0001.bin;instance2.staging/20260623_220652_796_conn_0003/server-to-client-0001.bin;20260616_215712_071_session_41212/20260616_215718_725_conn_0002/server-to-client-0001.bin;20260623_220255_773_session_30460/20260623_220301_631_conn_0002/server-to-client-0001.bin#reward-candidate-158-blackshadow-2300,confirmed
158,5837621591158929,458,兽牙x1;兽骨x1;肉x1;L小喇叭x1;兽血x1,8,兽牙x6;兽骨x6;肉x2;L小喇叭x2;兽血x6,兽牙x6;兽骨x6;肉x2;L小喇叭x2;兽血x6,兽牙=6/8;兽骨=6/8;肉=2/8;L小喇叭=2/8;兽血=6/8,instance2.staging/20260616_215819_960_conn_0002/server-to-client-0001.bin;instance2.staging/20260623_220652_796_conn_0003/server-to-client-0001.bin;20260616_215712_071_session_41212/20260616_215718_725_conn_0002/server-to-client-0001.bin;20260623_220255_773_session_30460/20260623_220301_631_conn_0002/server-to-client-0001.bin#reward-candidate-158-blackshadow-2300,confirmed
158,5839621591159706,458,兽牙x1;兽骨x1;肉x1;L小喇叭x1;兽血x1,8,兽牙x6;兽骨x6;肉x2;L小喇叭x2;兽血x6,兽牙x6;兽骨x6;肉x2;L小喇叭x2;兽血x6,兽牙=6/8;兽骨=6/8;肉=2/8;L小喇叭=2/8;兽血=6/8,instance2.staging/20260616_215819_960_conn_0002/server-to-client-0001.bin;instance2.staging/20260623_220652_796_conn_0003/server-to-client-0001.bin;20260616_215712_071_session_41212/20260616_215718_725_conn_0002/server-to-client-0001.bin;20260623_220255_773_session_30460/20260623_220301_631_conn_0002/server-to-client-0001.bin#reward-candidate-158-blackshadow-2300,confirmed
159,3309621687155655,458,兽骨x1;兽牙x1;兽血x1;毛皮x1,8,兽骨x6;兽牙x4;兽血x4;毛皮x2,兽骨x6;兽牙x4;兽血x4;毛皮x2,兽骨=6/8;兽牙=4/8;兽血=4/8;毛皮=2/8,instance2.staging/20260616_215819_960_conn_0002/server-to-client-0001.bin;instance2.staging/20260623_220652_796_conn_0003/server-to-client-0001.bin;20260616_215712_071_session_41212/20260616_215718_725_conn_0002/server-to-client-0001.bin;20260623_220255_773_session_30460/20260623_220301_631_conn_0002/server-to-client-0001.bin#reward-candidate-159-powertiger-3000,confirmed
159,3311621687156296,458,兽骨x1;兽牙x1;兽血x1;毛皮x1,8,兽骨x6;兽牙x4;兽血x4;毛皮x2,兽骨x6;兽牙x4;兽血x4;毛皮x2,兽骨=6/8;兽牙=4/8;兽血=4/8;毛皮=2/8,instance2.staging/20260616_215819_960_conn_0002/server-to-client-0001.bin;instance2.staging/20260623_220652_796_conn_0003/server-to-client-0001.bin;20260616_215712_071_session_41212/20260616_215718_725_conn_0002/server-to-client-0001.bin;20260623_220255_773_session_30460/20260623_220301_631_conn_0002/server-to-client-0001.bin#reward-candidate-159-powertiger-3000,confirmed
159,3313621687156409,458,兽血x1;兽牙x1;兽骨x1,8,兽血x6;兽牙x6;兽骨x6,兽血x6;兽牙x6;兽骨x6,兽血=6/8;兽牙=6/8;兽骨=6/8,instance2.staging/20260616_215819_960_conn_0002/server-to-client-0001.bin;instance2.staging/20260623_220652_796_conn_0003/server-to-client-0001.bin;20260616_215712_071_session_41212/20260616_215718_725_conn_0002/server-to-client-0001.bin;20260623_220255_773_session_30460/20260623_220301_631_conn_0002/server-to-client-0001.bin#reward-candidate-159-blackshadow-2300,confirmed
159,3315621687157919,458,兽血x1;兽牙x1;兽骨x1,8,兽血x6;兽牙x6;兽骨x6,兽血x6;兽牙x6;兽骨x6,兽血=6/8;兽牙=6/8;兽骨=6/8,instance2.staging/20260616_215819_960_conn_0002/server-to-client-0001.bin;instance2.staging/20260623_220652_796_conn_0003/server-to-client-0001.bin;20260616_215712_071_session_41212/20260616_215718_725_conn_0002/server-to-client-0001.bin;20260623_220255_773_session_30460/20260623_220301_631_conn_0002/server-to-client-0001.bin#reward-candidate-159-blackshadow-2300,confirmed
160,3822621817511562,458,兽牙x1;毛皮x1;兽骨x1,8,兽牙x4;毛皮x4;兽骨x4,兽牙x4;毛皮x4;兽骨x4,兽牙=4/8;毛皮=4/8;兽骨=4/8,instance2.staging/20260616_215819_960_conn_0002/server-to-client-0001.bin;instance2.staging/20260623_220652_796_conn_0003/server-to-client-0001.bin;20260616_215712_071_session_41212/20260616_215718_725_conn_0002/server-to-client-0001.bin;20260623_220255_773_session_30460/20260623_220301_631_conn_0002/server-to-client-0001.bin#reward-candidate-160-powertiger-3000,confirmed
160,3824621817512450,458,兽牙x1;毛皮x1;兽骨x1,8,兽牙x4;毛皮x4;兽骨x4,兽牙x4;毛皮x4;兽骨x4,兽牙=4/8;毛皮=4/8;兽骨=4/8,instance2.staging/20260616_215819_960_conn_0002/server-to-client-0001.bin;instance2.staging/20260623_220652_796_conn_0003/server-to-client-0001.bin;20260616_215712_071_session_41212/20260616_215718_725_conn_0002/server-to-client-0001.bin;20260623_220255_773_session_30460/20260623_220301_631_conn_0002/server-to-client-0001.bin#reward-candidate-160-powertiger-3000,confirmed
160,3826621817513876,458,兽血x1;肉x1;兽骨x1,4,兽血x4;肉x4;兽骨x2,兽血x4;肉x4;兽骨x2,兽血=4/4;肉=4/4;兽骨=2/4,instance2.staging/20260616_215819_960_conn_0002/server-to-client-0001.bin;instance2.staging/20260623_220652_796_conn_0003/server-to-client-0001.bin;20260616_215712_071_session_41212/20260616_215718_725_conn_0002/server-to-client-0001.bin;20260623_220255_773_session_30460/20260623_220301_631_conn_0002/server-to-client-0001.bin#reward-candidate-160-whorllion-2600,confirmed
161,9325621886740100,972,兽骨x1;兽血x1;毛皮x1;兽牙x1;铜戒指x1;L小喇叭x1,8,兽骨x8;兽血x6;毛皮x4;兽牙x8;铜戒指x2;L小喇叭x2,兽骨x6;兽血x6;毛皮x4;兽牙x6;铜戒指x2;L小喇叭x2,兽骨=6/8;兽血=6/8;毛皮=4/8;兽牙=6/8;铜戒指=2/8;L小喇叭=2/8,instance2.staging/20260616_215819_960_conn_0002/server-to-client-0001.bin;instance2.staging/20260623_220652_796_conn_0003/server-to-client-0001.bin;20260616_215712_071_session_41212/20260616_215718_725_conn_0002/server-to-client-0001.bin;20260623_220255_773_session_30460/20260623_220301_631_conn_0002/server-to-client-0001.bin#reward-candidate-161-powertiger-3000,confirmed
161,9327621886741599,972,兽骨x1;兽血x1;毛皮x1;兽牙x1;铜戒指x1;L小喇叭x1,8,兽骨x8;兽血x6;毛皮x4;兽牙x8;铜戒指x2;L小喇叭x2,兽骨x6;兽血x6;毛皮x4;兽牙x6;铜戒指x2;L小喇叭x2,兽骨=6/8;兽血=6/8;毛皮=4/8;兽牙=6/8;铜戒指=2/8;L小喇叭=2/8,instance2.staging/20260616_215819_960_conn_0002/server-to-client-0001.bin;instance2.staging/20260623_220652_796_conn_0003/server-to-client-0001.bin;20260616_215712_071_session_41212/20260616_215718_725_conn_0002/server-to-client-0001.bin;20260623_220255_773_session_30460/20260623_220301_631_conn_0002/server-to-client-0001.bin#reward-candidate-161-powertiger-3000,confirmed
161,9329621886741609,972,兽骨x1;兽血x1;毛皮x1;兽牙x1;铜戒指x1;L小喇叭x1,8,兽骨x8;兽血x6;毛皮x4;兽牙x8;铜戒指x2;L小喇叭x2,兽骨x6;兽血x6;毛皮x4;兽牙x6;铜戒指x2;L小喇叭x2,兽骨=6/8;兽血=6/8;毛皮=4/8;兽牙=6/8;铜戒指=2/8;L小喇叭=2/8,instance2.staging/20260616_215819_960_conn_0002/server-to-client-0001.bin;instance2.staging/20260623_220652_796_conn_0003/server-to-client-0001.bin;20260616_215712_071_session_41212/20260616_215718_725_conn_0002/server-to-client-0001.bin;20260623_220255_773_session_30460/20260623_220301_631_conn_0002/server-to-client-0001.bin#reward-candidate-161-powertiger-3000,confirmed
161,9331621886742375,972,兽骨x1;兽血x1;毛皮x1;兽牙x1;铜戒指x1;L小喇叭x1,8,兽骨x8;兽血x6;毛皮x4;兽牙x8;铜戒指x2;L小喇叭x2,兽骨x6;兽血x6;毛皮x4;兽牙x6;铜戒指x2;L小喇叭x2,兽骨=6/8;兽血=6/8;毛皮=4/8;兽牙=6/8;铜戒指=2/8;L小喇叭=2/8,instance2.staging/20260616_215819_960_conn_0002/server-to-client-0001.bin;instance2.staging/20260623_220652_796_conn_0003/server-to-client-0001.bin;20260616_215712_071_session_41212/20260616_215718_725_conn_0002/server-to-client-0001.bin;20260623_220255_773_session_30460/20260623_220301_631_conn_0002/server-to-client-0001.bin#reward-candidate-161-powertiger-3000,confirmed
161,9333621886743795,504,毛皮x1;兽骨x1,4,毛皮x2;兽骨x2,毛皮x2;兽骨x2,毛皮=2/4;兽骨=2/4,instance2.staging/20260616_215819_960_conn_0002/server-to-client-0001.bin;instance2.staging/20260623_220652_796_conn_0003/server-to-client-0001.bin;20260616_215712_071_session_41212/20260616_215718_725_conn_0002/server-to-client-0001.bin;20260623_220255_773_session_30460/20260623_220301_631_conn_0002/server-to-client-0001.bin#reward-candidate-161-powertiger-3500,confirmed
162,5697622889787853,458,肉x1;兽牙x1;兽血x1;兽骨x1;L小喇叭x1,16,肉x8;兽牙x14;兽血x8;兽骨x6;L小喇叭x2,肉x8;兽牙x14;兽血x8;兽骨x6;L小喇叭x2,肉=8/16;兽牙=14/16;兽血=8/16;兽骨=6/16;L小喇叭=2/16,instance2.staging/20260616_215819_960_conn_0002/server-to-client-0001.bin;instance2.staging/20260623_220652_796_conn_0003/server-to-client-0001.bin;20260616_215712_071_session_41212/20260616_215718_725_conn_0002/server-to-client-0001.bin;20260623_220255_773_session_30460/20260623_220301_631_conn_0002/server-to-client-0001.bin#reward-candidate-162-blackshadow-2300,confirmed
162,5699622889788202,458,肉x1;兽牙x1;兽血x1;兽骨x1;L小喇叭x1,16,肉x8;兽牙x14;兽血x8;兽骨x6;L小喇叭x2,肉x8;兽牙x14;兽血x8;兽骨x6;L小喇叭x2,肉=8/16;兽牙=14/16;兽血=8/16;兽骨=6/16;L小喇叭=2/16,instance2.staging/20260616_215819_960_conn_0002/server-to-client-0001.bin;instance2.staging/20260623_220652_796_conn_0003/server-to-client-0001.bin;20260616_215712_071_session_41212/20260616_215718_725_conn_0002/server-to-client-0001.bin;20260623_220255_773_session_30460/20260623_220301_631_conn_0002/server-to-client-0001.bin#reward-candidate-162-blackshadow-2300,confirmed
162,5701622889789230,458,肉x1;兽牙x1;兽血x1;兽骨x1;L小喇叭x1,16,肉x8;兽牙x14;兽血x8;兽骨x6;L小喇叭x2,肉x8;兽牙x14;兽血x8;兽骨x6;L小喇叭x2,肉=8/16;兽牙=14/16;兽血=8/16;兽骨=6/16;L小喇叭=2/16,instance2.staging/20260616_215819_960_conn_0002/server-to-client-0001.bin;instance2.staging/20260623_220652_796_conn_0003/server-to-client-0001.bin;20260616_215712_071_session_41212/20260616_215718_725_conn_0002/server-to-client-0001.bin;20260623_220255_773_session_30460/20260623_220301_631_conn_0002/server-to-client-0001.bin#reward-candidate-162-blackshadow-2300,confirmed
162,5703622889791824,458,肉x1;兽牙x1;兽血x1;兽骨x1;L小喇叭x1,16,肉x8;兽牙x14;兽血x8;兽骨x6;L小喇叭x2,肉x8;兽牙x14;兽血x8;兽骨x6;L小喇叭x2,肉=8/16;兽牙=14/16;兽血=8/16;兽骨=6/16;L小喇叭=2/16,instance2.staging/20260616_215819_960_conn_0002/server-to-client-0001.bin;instance2.staging/20260623_220652_796_conn_0003/server-to-client-0001.bin;20260616_215712_071_session_41212/20260616_215718_725_conn_0002/server-to-client-0001.bin;20260623_220255_773_session_30460/20260623_220301_631_conn_0002/server-to-client-0001.bin#reward-candidate-162-blackshadow-2300,confirmed
163,8088622782646450,972,兽骨x2;兽血x1;肉x2;毛皮x1,6,兽骨x6;兽血x2;肉x6;毛皮x4,兽骨x4;兽血x2;肉x4;毛皮x4,兽骨=4/6;兽血=2/6;肉=4/6;毛皮=4/6,instance2.staging/20260616_215819_960_conn_0002/server-to-client-0001.bin;instance2.staging/20260623_220652_796_conn_0003/server-to-client-0001.bin;20260616_215712_071_session_41212/20260616_215718_725_conn_0002/server-to-client-0001.bin;20260623_220255_773_session_30460/20260623_220301_631_conn_0002/server-to-client-0001.bin#reward-candidate-163-whorllion-2800,confirmed
163,8090622782647529,972,兽骨x2;兽血x1;肉x2;毛皮x1,6,兽骨x6;兽血x2;肉x6;毛皮x4,兽骨x4;兽血x2;肉x4;毛皮x4,兽骨=4/6;兽血=2/6;肉=4/6;毛皮=4/6,instance2.staging/20260616_215819_960_conn_0002/server-to-client-0001.bin;instance2.staging/20260623_220652_796_conn_0003/server-to-client-0001.bin;20260616_215712_071_session_41212/20260616_215718_725_conn_0002/server-to-client-0001.bin;20260623_220255_773_session_30460/20260623_220301_631_conn_0002/server-to-client-0001.bin#reward-candidate-163-whorllion-2800,confirmed
163,8092622782648950,972,兽骨x2;兽血x1;肉x2;毛皮x1,6,兽骨x6;兽血x2;肉x6;毛皮x4,兽骨x4;兽血x2;肉x4;毛皮x4,兽骨=4/6;兽血=2/6;肉=4/6;毛皮=4/6,instance2.staging/20260616_215819_960_conn_0002/server-to-client-0001.bin;instance2.staging/20260623_220652_796_conn_0003/server-to-client-0001.bin;20260616_215712_071_session_41212/20260616_215718_725_conn_0002/server-to-client-0001.bin;20260623_220255_773_session_30460/20260623_220301_631_conn_0002/server-to-client-0001.bin#reward-candidate-163-whorllion-2800,confirmed
163,8094622782649492,486,毛皮x1;兽骨x1;肉x1,4,毛皮x4;兽骨x2;肉x2,毛皮x4;兽骨x2;肉x2,毛皮=4/4;兽骨=2/4;肉=2/4,instance2.staging/20260616_215819_960_conn_0002/server-to-client-0001.bin;instance2.staging/20260623_220652_796_conn_0003/server-to-client-0001.bin;20260616_215712_071_session_41212/20260616_215718_725_conn_0002/server-to-client-0001.bin;20260623_220255_773_session_30460/20260623_220301_631_conn_0002/server-to-client-0001.bin#reward-candidate-163-whorllion-3300,confirmed
164,7283622130690284,514,肉x1;兽血x1;兽牙x1;兽骨x1,8,肉x6;兽血x8;兽牙x2;兽骨x2,肉x6;兽血x8;兽牙x2;兽骨x2,肉=6/8;兽血=8/8;兽牙=2/8;兽骨=2/8,instance2.staging/20260616_215819_960_conn_0002/server-to-client-0001.bin;instance2.staging/20260623_220652_796_conn_0003/server-to-client-0001.bin;20260616_215712_071_session_41212/20260616_215718_725_conn_0002/server-to-client-0001.bin;20260623_220255_773_session_30460/20260623_220301_631_conn_0002/server-to-client-0001.bin#reward-candidate-164-blackshadow-2750,confirmed
164,7285622130691644,514,肉x1;兽血x1;兽牙x1;兽骨x1,8,肉x6;兽血x8;兽牙x2;兽骨x2,肉x6;兽血x8;兽牙x2;兽骨x2,肉=6/8;兽血=8/8;兽牙=2/8;兽骨=2/8,instance2.staging/20260616_215819_960_conn_0002/server-to-client-0001.bin;instance2.staging/20260623_220652_796_conn_0003/server-to-client-0001.bin;20260616_215712_071_session_41212/20260616_215718_725_conn_0002/server-to-client-0001.bin;20260623_220255_773_session_30460/20260623_220301_631_conn_0002/server-to-client-0001.bin#reward-candidate-164-blackshadow-2750,confirmed
164,7287622130692195,514,肉x1;兽血x1;兽牙x1;兽骨x1,8,肉x6;兽血x8;兽牙x2;兽骨x2,肉x6;兽血x8;兽牙x2;兽骨x2,肉=6/8;兽血=8/8;兽牙=2/8;兽骨=2/8,instance2.staging/20260616_215819_960_conn_0002/server-to-client-0001.bin;instance2.staging/20260623_220652_796_conn_0003/server-to-client-0001.bin;20260616_215712_071_session_41212/20260616_215718_725_conn_0002/server-to-client-0001.bin;20260623_220255_773_session_30460/20260623_220301_631_conn_0002/server-to-client-0001.bin#reward-candidate-164-blackshadow-2750,confirmed
165,3850623006742112,486,兽骨x1;肉x1;兽血x1;兽牙x1,12,兽骨x8;肉x4;兽血x4;兽牙x4,兽骨x8;肉x4;兽血x4;兽牙x4,兽骨=8/12;肉=4/12;兽血=4/12;兽牙=4/12,instance2.staging/20260616_215819_960_conn_0002/server-to-client-0001.bin;instance2.staging/20260623_220652_796_conn_0003/server-to-client-0001.bin;20260616_215712_071_session_41212/20260616_215718_725_conn_0002/server-to-client-0001.bin;20260623_220255_773_session_30460/20260623_220301_631_conn_0002/server-to-client-0001.bin#reward-candidate-165-blackshadow-2500,confirmed
165,3852623006743553,486,兽骨x1;肉x1;兽血x1;兽牙x1,12,兽骨x8;肉x4;兽血x4;兽牙x4,兽骨x8;肉x4;兽血x4;兽牙x4,兽骨=8/12;肉=4/12;兽血=4/12;兽牙=4/12,instance2.staging/20260616_215819_960_conn_0002/server-to-client-0001.bin;instance2.staging/20260623_220652_796_conn_0003/server-to-client-0001.bin;20260616_215712_071_session_41212/20260616_215718_725_conn_0002/server-to-client-0001.bin;20260623_220255_773_session_30460/20260623_220301_631_conn_0002/server-to-client-0001.bin#reward-candidate-165-blackshadow-2500,confirmed
165,3854623006744837,486,兽骨x1;肉x1;兽血x1;兽牙x1,12,兽骨x8;肉x4;兽血x4;兽牙x4,兽骨x8;肉x4;兽血x4;兽牙x4,兽骨=8/12;肉=4/12;兽血=4/12;兽牙=4/12,instance2.staging/20260616_215819_960_conn_0002/server-to-client-0001.bin;instance2.staging/20260623_220652_796_conn_0003/server-to-client-0001.bin;20260616_215712_071_session_41212/20260616_215718_725_conn_0002/server-to-client-0001.bin;20260623_220255_773_session_30460/20260623_220301_631_conn_0002/server-to-client-0001.bin#reward-candidate-165-blackshadow-2500,confirmed
165,3856623006745359,486,兽骨x1;兽血x1,4,兽骨x4;兽血x2,兽骨x4;兽血x2,兽骨=4/4;兽血=2/4,instance2.staging/20260616_215819_960_conn_0002/server-to-client-0001.bin;instance2.staging/20260623_220652_796_conn_0003/server-to-client-0001.bin;20260616_215712_071_session_41212/20260616_215718_725_conn_0002/server-to-client-0001.bin;20260623_220255_773_session_30460/20260623_220301_631_conn_0002/server-to-client-0001.bin#reward-candidate-165-blackshadow-3000,confirmed
166,1957622577207441,514,毛皮x1;兽牙x1;兽骨x1;兽血x1,4,毛皮x2;兽牙x2;兽骨x4;兽血x2,毛皮x2;兽牙x2;兽骨x4;兽血x2,毛皮=2/4;兽牙=2/4;兽骨=4/4;兽血=2/4,instance2.staging/20260616_215819_960_conn_0002/server-to-client-0001.bin;instance2.staging/20260623_220652_796_conn_0003/server-to-client-0001.bin;20260616_215712_071_session_41212/20260616_215718_725_conn_0002/server-to-client-0001.bin;20260623_220255_773_session_30460/20260623_220301_631_conn_0002/server-to-client-0001.bin#reward-candidate-166-powertiger-3200,confirmed
166,1959622577208401,1028,毛皮x2;兽牙x2;兽骨x2;肉x2;兽血x1,4,毛皮x6;兽牙x6;兽骨x6;肉x6;兽血x2,毛皮x4;兽牙x4;兽骨x4;肉x4;兽血x2,毛皮=4/4;兽牙=4/4;兽骨=4/4;肉=4/4;兽血=2/4,instance2.staging/20260616_215819_960_conn_0002/server-to-client-0001.bin;instance2.staging/20260623_220652_796_conn_0003/server-to-client-0001.bin;20260616_215712_071_session_41212/20260616_215718_725_conn_0002/server-to-client-0001.bin;20260623_220255_773_session_30460/20260623_220301_631_conn_0002/server-to-client-0001.bin#reward-candidate-166-whorllion-3000,confirmed
166,1961622577209280,1028,毛皮x2;兽牙x2;兽骨x2;肉x2;兽血x1,4,毛皮x6;兽牙x6;兽骨x6;肉x6;兽血x2,毛皮x4;兽牙x4;兽骨x4;肉x4;兽血x2,毛皮=4/4;兽牙=4/4;兽骨=4/4;肉=4/4;兽血=2/4,instance2.staging/20260616_215819_960_conn_0002/server-to-client-0001.bin;instance2.staging/20260623_220652_796_conn_0003/server-to-client-0001.bin;20260616_215712_071_session_41212/20260616_215718_725_conn_0002/server-to-client-0001.bin;20260623_220255_773_session_30460/20260623_220301_631_conn_0002/server-to-client-0001.bin#reward-candidate-166-whorllion-3000,confirmed
167,7542622260835182,1028,兽牙x1;兽骨x2;肉x1,4,兽牙x4;兽骨x6;肉x2,兽牙x4;兽骨x4;肉x2,兽牙=4/4;兽骨=4/4;肉=2/4,instance2.staging/20260616_215819_960_conn_0002/server-to-client-0001.bin;instance2.staging/20260623_220652_796_conn_0003/server-to-client-0001.bin;20260616_215712_071_session_41212/20260616_215718_725_conn_0002/server-to-client-0001.bin;20260623_220255_773_session_30460/20260623_220301_631_conn_0002/server-to-client-0001.bin#reward-candidate-167-whorllion-3000,confirmed
167,7544622260836750,1028,兽牙x1;兽骨x2;肉x1,4,兽牙x4;兽骨x6;肉x2,兽牙x4;兽骨x4;肉x2,兽牙=4/4;兽骨=4/4;肉=2/4,instance2.staging/20260616_215819_960_conn_0002/server-to-client-0001.bin;instance2.staging/20260623_220652_796_conn_0003/server-to-client-0001.bin;20260616_215712_071_session_41212/20260616_215718_725_conn_0002/server-to-client-0001.bin;20260623_220255_773_session_30460/20260623_220301_631_conn_0002/server-to-client-0001.bin#reward-candidate-167-whorllion-3000,confirmed
167,7546622260836700,514,毛皮x1;兽牙x1;兽骨x1;兽血x1,4,毛皮x2;兽牙x2;兽骨x4;兽血x2,毛皮x2;兽牙x2;兽骨x4;兽血x2,毛皮=2/4;兽牙=2/4;兽骨=4/4;兽血=2/4,instance2.staging/20260616_215819_960_conn_0002/server-to-client-0001.bin;instance2.staging/20260623_220652_796_conn_0003/server-to-client-0001.bin;20260616_215712_071_session_41212/20260616_215718_725_conn_0002/server-to-client-0001.bin;20260623_220255_773_session_30460/20260623_220301_631_conn_0002/server-to-client-0001.bin#reward-candidate-166-powertiger-3200#namehp-fallback-map167,confirmed
167,7548622260837633,1028,兽牙x1;兽骨x2;肉x1,4,兽牙x4;兽骨x6;肉x2,兽牙x4;兽骨x4;肉x2,兽牙=4/4;兽骨=4/4;肉=2/4,instance2.staging/20260616_215819_960_conn_0002/server-to-client-0001.bin;instance2.staging/20260623_220652_796_conn_0003/server-to-client-0001.bin;20260616_215712_071_session_41212/20260616_215718_725_conn_0002/server-to-client-0001.bin;20260623_220255_773_session_30460/20260623_220301_631_conn_0002/server-to-client-0001.bin#reward-candidate-167-whorllion-3000,confirmed
167,7550622260838906,558,兽血x1;L小喇叭x1;兽骨x2;石块x1;碎金片x1;铁块x1;蚩颅王的角x1;蚩颅王的头x1;蚩颅王护肩x1;兽牙x1;宝匣x1,4,兽血x2;L小喇叭x2;兽骨x6;石块x4;碎金片x4;铁块x4;蚩颅王的角x2;蚩颅王的头x2;蚩颅王护肩x2;兽牙x2;宝匣x2,兽血x2;L小喇叭x2;兽骨x4;石块x4;碎金片x4;铁块x4;蚩颅王的角x2;蚩颅王的头x2;蚩颅王护肩x2;兽牙x2;宝匣x2,兽血=2/4;L小喇叭=2/4;兽骨=4/4;石块=4/4;碎金片=4/4;铁块=4/4;蚩颅王的角=2/4;蚩颅王的头=2/4;蚩颅王护肩=2/4;兽牙=2/4;宝匣=2/4,instance2.staging/20260616_215819_960_conn_0002/server-to-client-0001.bin;instance2.staging/20260623_220652_796_conn_0003/server-to-client-0001.bin;20260616_215712_071_session_41212/20260616_215718_725_conn_0002/server-to-client-0001.bin;20260623_220255_773_session_30460/20260623_220301_631_conn_0002/server-to-client-0001.bin#reward-candidate-167-chiluking-6000,confirmed
