skill_level_id,skill_id,level,source_action_label,damage_multiplier,mp_cost,hp_drain_chance_percent,hp_drain_multiplier,direct_attack_bonus_multiplier
skill-normal-attack-lv1,skill-normal-attack,1,nomalAtk,1,0,0,0,0
skill-blade-triple-lv1,skill-blade-triple,1,blade/triple,1.6,6,0,0,0
skill-blade-execution-lv1,skill-blade-execution,1,blade/execution,2,10,0,0,0
skill-blade-ultimate-lv1,skill-blade-ultimate,1,blade/ultimate,3.4,24,0,0,0
skill-blade-draw-lv1,skill-blade-draw,1,blade/draw,2.2,12,0,0,0
skill-blade-phantom-lv1,skill-blade-phantom,1,blade/phantom,2.8,18,0,0,0
battle-store-lv1,battle-store,1,def,0,0,0,0,0
defense-lv1,defense,1,def,0,0,0,0,0
battle-escape-lv1,battle-escape,1,escapeSuccess,0,0,0,0,0
