map_id,map_name,handle,name,display_url,level,vocation,max_hp,max_mp,speed,attack,defense,command_label,damage_defense_type,queue_index_team,queue_index_enemy,source,encounter_handles
131,水帘洞_1,8128205778897212,武斗蛤蟆,monstermap/kongfupanda.swf,12,游侠,510,374,130,133,0,普通攻击,physical,1,4,"local half-defense full rerun: strict normal half-defense n=1, resolved p50=133.000; baseline attack=129; local policy, not an original-server Attack claim",
131,水帘洞_1,8130205778898758,武斗蛤蟆,monstermap/kongfupanda.swf,12,游侠,510,374,130,133,0,普通攻击,physical,1,4,"local half-defense full rerun: strict normal half-defense n=1, resolved p50=133.000; baseline attack=129; local policy, not an original-server Attack claim",
131,水帘洞_1,8132205778899676,武斗蛤蟆,monstermap/kongfupanda.swf,12,游侠,510,374,130,133,0,普通攻击,physical,1,4,"local half-defense full rerun: strict normal half-defense n=1, resolved p50=133.000; baseline attack=129; local policy, not an original-server Attack claim",
132,水帘洞_2,1656205827185847,武斗蛤蟆,monstermap/kongfupanda.swf,13,战士,573,224,130,159,0,普通攻击,physical,1,4,"local half-defense full rerun: strict normal half-defense n=1, resolved p50=159.000; baseline attack=154; local policy, not an original-server Attack claim",
132,水帘洞_2,1658205827186196,武斗蛤蟆,monstermap/kongfupanda.swf,12,游侠,510,374,130,136,0,普通攻击,physical,1,4,"local half-defense full rerun: strict normal half-defense n=2, resolved p50=136.250; baseline attack=132; local policy, not an original-server Attack claim",
132,水帘洞_2,1660205827187303,武斗蛤蟆,monstermap/kongfupanda.swf,12,游侠,510,374,130,136,0,普通攻击,physical,1,4,"local half-defense full rerun: strict normal half-defense n=2, resolved p50=136.250; baseline attack=132; local policy, not an original-server Attack claim",
132,水帘洞_2,1662205827187552,武斗蛤蟆,monstermap/kongfupanda.swf,12,游侠,510,374,130,136,0,普通攻击,physical,1,4,"local half-defense full rerun: strict normal half-defense n=2, resolved p50=136.250; baseline attack=132; local policy, not an original-server Attack claim",
132,水帘洞_2,1664205827188995,武斗蛤蟆,monstermap/kongfupanda.swf,13,战士,573,224,130,159,0,普通攻击,physical,1,4,"local half-defense full rerun: strict normal half-defense n=1, resolved p50=159.000; baseline attack=154; local policy, not an original-server Attack claim",
132,水帘洞_2,1666205827189909,武斗蛤蟆,monstermap/kongfupanda.swf,13,战士,573,224,130,159,0,普通攻击,physical,1,4,"local half-defense full rerun: strict normal half-defense n=1, resolved p50=159.000; baseline attack=154; local policy, not an original-server Attack claim",
133,水帘洞_3,8112205902790159,武斗蛤蟆,monstermap/kongfupanda.swf,14,战士,586,294,130,162,0,普通攻击,physical,1,4,"local half-defense full rerun: same monster family inherited ratio from visible-132-1656205827185847;visible-132-1664205827188995;visible-132-1666205827189909; baseline attack=157; local policy, not an original-server Attack claim",
133,水帘洞_3,8114205902791857,武斗蛤蟆,monstermap/kongfupanda.swf,14,战士,586,294,130,162,0,普通攻击,physical,1,4,"local half-defense full rerun: same monster family inherited ratio from visible-132-1656205827185847;visible-132-1664205827188995;visible-132-1666205827189909; baseline attack=157; local policy, not an original-server Attack claim",
133,水帘洞_3,8116205902792836,武斗蛤蟆,monstermap/kongfupanda.swf,14,战士,586,294,130,162,0,普通攻击,physical,1,4,"local half-defense full rerun: same monster family inherited ratio from visible-132-1656205827185847;visible-132-1664205827188995;visible-132-1666205827189909; baseline attack=157; local policy, not an original-server Attack claim",
133,水帘洞_3,8118205902792830,武斗蛤蟆,monstermap/kongfupanda.swf,14,战士,586,294,130,162,0,普通攻击,physical,1,4,"local half-defense full rerun: same monster family inherited ratio from visible-132-1656205827185847;visible-132-1664205827188995;visible-132-1666205827189909; baseline attack=157; local policy, not an original-server Attack claim",
133,水帘洞_3,8120205902793205,武斗蛤蟆,monstermap/kongfupanda.swf,14,战士,586,294,130,162,0,普通攻击,physical,1,4,"local half-defense full rerun: same monster family inherited ratio from visible-132-1656205827185847;visible-132-1664205827188995;visible-132-1666205827189909; baseline attack=157; local policy, not an original-server Attack claim",
133,水帘洞_3,8122205902794636,武斗蛤蟆,monstermap/kongfupanda.swf,14,战士,586,294,130,162,0,普通攻击,physical,1,4,"local half-defense full rerun: same monster family inherited ratio from visible-132-1656205827185847;visible-132-1664205827188995;visible-132-1666205827189909; baseline attack=157; local policy, not an original-server Attack claim",
137,水帘洞_4,4889205982270617,剑术蛤蟆,monstermap/swordpanda.swf,15,战士,640,280,130,170,0,普通攻击,physical,1,4,"local half-defense full rerun: same monster family inherited ratio from visible-144-2768206074548639;visible-144-2770206074548423;visible-140-8424206376338175;visible-140-8426206376339691;visible-140-8428206376340510; baseline attack=163; local policy, not an original-server Attack claim",
137,水帘洞_4,4891205982270480,剑术蛤蟆,monstermap/swordpanda.swf,15,战士,640,280,130,170,0,普通攻击,physical,1,4,"local half-defense full rerun: same monster family inherited ratio from visible-144-2768206074548639;visible-144-2770206074548423;visible-140-8424206376338175;visible-140-8426206376339691;visible-140-8428206376340510; baseline attack=163; local policy, not an original-server Attack claim",
137,水帘洞_4,4893205982271973,剑术蛤蟆,monstermap/swordpanda.swf,15,战士,640,280,130,170,0,普通攻击,physical,1,4,"local half-defense full rerun: same monster family inherited ratio from visible-144-2768206074548639;visible-144-2770206074548423;visible-140-8424206376338175;visible-140-8426206376339691;visible-140-8428206376340510; baseline attack=163; local policy, not an original-server Attack claim",
137,水帘洞_4,4895205982272135,法术蛤蟆,monstermap/magicpanda.swf,16,术士,510,490,130,209,0,法术普通攻击,magic,1,4,"local half-defense full rerun: same monster family inherited ratio from visible-143-5166206909805441;visible-143-5168206909805631;visible-143-5170206909806155;visible-145-2894206197340572;visible-145-2896206197341225; baseline attack=202; local policy, not an original-server Attack claim",
137,水帘洞_4,4897205982273653,法术蛤蟆,monstermap/magicpanda.swf,16,术士,510,490,130,209,0,法术普通攻击,magic,1,4,"local half-defense full rerun: same monster family inherited ratio from visible-143-5166206909805441;visible-143-5168206909805631;visible-143-5170206909806155;visible-145-2894206197340572;visible-145-2896206197341225; baseline attack=202; local policy, not an original-server Attack claim",
137,水帘洞_4,4899205982273477,法术蛤蟆,monstermap/magicpanda.swf,16,术士,510,490,130,209,0,法术普通攻击,magic,1,4,"local half-defense full rerun: same monster family inherited ratio from visible-143-5166206909805441;visible-143-5168206909805631;visible-143-5170206909806155;visible-145-2894206197340572;visible-145-2896206197341225; baseline attack=202; local policy, not an original-server Attack claim",
140,水帘洞_7,8424206376338175,剑术蛤蟆,monstermap/swordpanda.swf,18,战士,650,280,130,152,0,普通攻击,physical,1,4,"local half-defense full rerun: strict normal half-defense n=1, resolved p50=151.500; baseline attack=146; local policy, not an original-server Attack claim",
140,水帘洞_7,8426206376339691,剑术蛤蟆,monstermap/swordpanda.swf,18,战士,650,280,130,152,0,普通攻击,physical,1,4,"local half-defense full rerun: strict normal half-defense n=1, resolved p50=151.500; baseline attack=146; local policy, not an original-server Attack claim",
140,水帘洞_7,8428206376340510,剑术蛤蟆,monstermap/swordpanda.swf,18,战士,650,280,130,152,0,普通攻击,physical,1,4,"local half-defense full rerun: strict normal half-defense n=1, resolved p50=151.500; baseline attack=146; local policy, not an original-server Attack claim",
140,水帘洞_7,8430206376341780,武斗蛤蟆,monstermap/kongfupanda.swf,17,游侠,590,364,130,145,0,普通攻击,physical,1,4,"local half-defense full rerun: strict normal half-defense n=1, resolved p50=144.500; baseline attack=140; local policy, not an original-server Attack claim",
140,水帘洞_7,8432206376342756,武斗蛤蟆,monstermap/kongfupanda.swf,17,游侠,590,364,130,145,0,普通攻击,physical,1,4,"local half-defense full rerun: strict normal half-defense n=1, resolved p50=144.500; baseline attack=140; local policy, not an original-server Attack claim",
141,水帘洞_8,4710206556985181,剑术蛤蟆,monstermap/swordpanda.swf,18,战士,650,280,130,152,0,普通攻击,physical,1,4,"local half-defense full rerun: same monster family inherited ratio from visible-140-8424206376338175;visible-140-8426206376339691;visible-140-8428206376340510;visible-142-9556206735436383;visible-142-9558206735437433; baseline attack=146; local policy, not an original-server Attack claim",4710206556985181;4712206556985489
141,水帘洞_8,4712206556985489,剑术蛤蟆,monstermap/swordpanda.swf,18,战士,650,280,130,152,0,普通攻击,physical,1,4,"local half-defense full rerun: same monster family inherited ratio from visible-140-8424206376338175;visible-140-8426206376339691;visible-140-8428206376340510;visible-142-9556206735436383;visible-142-9558206735437433; baseline attack=146; local policy, not an original-server Attack claim",4710206556985181;4712206556985489
141,水帘洞_8,4714206556986370,剑术蛤蟆,monstermap/swordpanda.swf,18,战士,650,280,130,152,0,普通攻击,physical,1,4,"local half-defense full rerun: same monster family inherited ratio from visible-140-8424206376338175;visible-140-8426206376339691;visible-140-8428206376340510;visible-142-9556206735436383;visible-142-9558206735437433; baseline attack=146; local policy, not an original-server Attack claim",4714206556986370;4716206556987104
141,水帘洞_8,4716206556987104,剑术蛤蟆,monstermap/swordpanda.swf,18,战士,650,280,130,152,0,普通攻击,physical,1,4,"local half-defense full rerun: same monster family inherited ratio from visible-140-8424206376338175;visible-140-8426206376339691;visible-140-8428206376340510;visible-142-9556206735436383;visible-142-9558206735437433; baseline attack=146; local policy, not an original-server Attack claim",4714206556986370;4716206556987104
141,水帘洞_8,4718206556987620,剑术蛤蟆,monstermap/swordpanda.swf,18,战士,650,280,130,152,0,普通攻击,physical,1,4,"local half-defense full rerun: same monster family inherited ratio from visible-140-8424206376338175;visible-140-8426206376339691;visible-140-8428206376340510;visible-142-9556206735436383;visible-142-9558206735437433; baseline attack=146; local policy, not an original-server Attack claim",4718206556987620;4720206556988825
141,水帘洞_8,4720206556988825,剑术蛤蟆,monstermap/swordpanda.swf,18,战士,650,280,130,152,0,普通攻击,physical,1,4,"local half-defense full rerun: same monster family inherited ratio from visible-140-8424206376338175;visible-140-8426206376339691;visible-140-8428206376340510;visible-142-9556206735436383;visible-142-9558206735437433; baseline attack=146; local policy, not an original-server Attack claim",4718206556987620;4720206556988825
142,水帘洞_9,9556206735436383,剑术蛤蟆,monstermap/swordpanda.swf,18,战士,650,280,130,134,0,普通攻击,physical,1,4,"local half-defense full rerun: strict normal half-defense n=7, resolved p50=133.500; baseline attack=129; local policy, not an original-server Attack claim",9556206735436383;9558206735437433
142,水帘洞_9,9558206735437433,剑术蛤蟆,monstermap/swordpanda.swf,18,战士,650,280,130,134,0,普通攻击,physical,1,4,"local half-defense full rerun: strict normal half-defense n=7, resolved p50=133.500; baseline attack=129; local policy, not an original-server Attack claim",9556206735436383;9558206735437433
142,水帘洞_9,9560206735437619,法术蛤蟆,monstermap/magicpanda.swf,17,术士,510,490,130,148,0,法术普通攻击,magic,1,4,"local half-defense full rerun: same monster family inherited ratio from visible-143-5166206909805441;visible-143-5168206909805631;visible-143-5170206909806155;visible-145-2894206197340572;visible-145-2896206197341225; baseline attack=143; local policy, not an original-server Attack claim",
142,水帘洞_9,9562206735438199,法术蛤蟆,monstermap/magicpanda.swf,17,术士,510,490,130,148,0,法术普通攻击,magic,1,4,"local half-defense full rerun: same monster family inherited ratio from visible-143-5166206909805441;visible-143-5168206909805631;visible-143-5170206909806155;visible-145-2894206197340572;visible-145-2896206197341225; baseline attack=143; local policy, not an original-server Attack claim",
142,水帘洞_9,9564206735439303,法术蛤蟆,monstermap/magicpanda.swf,17,术士,510,490,130,148,0,法术普通攻击,magic,1,4,"local half-defense full rerun: same monster family inherited ratio from visible-143-5166206909805441;visible-143-5168206909805631;visible-143-5170206909806155;visible-145-2894206197340572;visible-145-2896206197341225; baseline attack=143; local policy, not an original-server Attack claim",
142,水帘洞_9,9566206735440658,剑术蛤蟆,monstermap/swordpanda.swf,18,战士,650,280,130,134,0,普通攻击,physical,1,4,"local half-defense full rerun: strict normal half-defense n=7, resolved p50=133.500; baseline attack=129; local policy, not an original-server Attack claim",9566206735440658;9568206735440182
142,水帘洞_9,9568206735440182,剑术蛤蟆,monstermap/swordpanda.swf,18,战士,650,280,130,134,0,普通攻击,physical,1,4,"local half-defense full rerun: strict normal half-defense n=7, resolved p50=133.500; baseline attack=129; local policy, not an original-server Attack claim",9566206735440658;9568206735440182
143,水帘洞_10,5166206909805441,法术蛤蟆,monstermap/magicpanda.swf,17,术士,510,490,130,148,0,法术普通攻击,magic,1,4,"local half-defense full rerun: strict normal half-defense n=2, resolved p50=147.500; baseline attack=143; local policy, not an original-server Attack claim",
143,水帘洞_10,5168206909805631,法术蛤蟆,monstermap/magicpanda.swf,17,术士,510,490,130,148,0,法术普通攻击,magic,1,4,"local half-defense full rerun: strict normal half-defense n=2, resolved p50=147.500; baseline attack=143; local policy, not an original-server Attack claim",5168206909805631;5170206909806155;5176206909809579
143,水帘洞_10,5170206909806155,法术蛤蟆,monstermap/magicpanda.swf,17,术士,510,490,130,148,0,法术普通攻击,magic,1,4,"local half-defense full rerun: strict normal half-defense n=2, resolved p50=147.500; baseline attack=143; local policy, not an original-server Attack claim",5168206909805631;5170206909806155;5176206909809579
143,水帘洞_10,5172206909807859,剑术蛤蟆,monstermap/swordpanda.swf,18,战士,750,280,130,121,0,普通攻击,direct,1,4,20260531_124707_399_conn_0002#createRole+cell+hp-delta,5172206909807859;5174206909807286
143,水帘洞_10,5174206909807286,剑术蛤蟆,monstermap/swordpanda.swf,18,战士,750,280,130,121,0,普通攻击,direct,1,4,20260531_124707_399_conn_0002#createRole+cell+hp-delta,5172206909807859;5174206909807286
143,水帘洞_10,5176206909809579,蛤蟆精,monstermap/cracktoad.swf,20,游侠++,1500,564,130,168,0,普通攻击,physical,1,4,"local half-defense full rerun: same defense type inherited ratio from wild-56-1879687900196574;wild-51-bigswordwolf-lv21;wild-52-1478600550966619;visible-75-8110675527789273;visible-75-8130675527791587; baseline attack=162; local policy, not an original-server Attack claim",5168206909805631;5170206909806155;5176206909809579
144,水帘洞_5,2762206074545916,武斗蛤蟆,monstermap/kongfupanda.swf,16,游侠,570,364,130,148,0,普通攻击,physical,1,4,"local half-defense full rerun: strict normal half-defense n=6, resolved p50=147.500; baseline attack=143; local policy, not an original-server Attack claim",2762206074545916;2764206074546810;2766206074547838
144,水帘洞_5,2764206074546810,武斗蛤蟆,monstermap/kongfupanda.swf,16,游侠,570,364,130,148,0,普通攻击,physical,1,4,"local half-defense full rerun: strict normal half-defense n=6, resolved p50=147.500; baseline attack=143; local policy, not an original-server Attack claim",2762206074545916;2764206074546810;2766206074547838
144,水帘洞_5,2766206074547838,武斗蛤蟆,monstermap/kongfupanda.swf,16,游侠,570,364,130,148,0,普通攻击,physical,1,4,"local half-defense full rerun: strict normal half-defense n=6, resolved p50=147.500; baseline attack=143; local policy, not an original-server Attack claim",2762206074545916;2764206074546810;2766206074547838
144,水帘洞_5,2768206074548639,剑术蛤蟆,monstermap/swordpanda.swf,17,战士,708,204,130,189,0,普通攻击,physical,1,4,"local half-defense full rerun: strict normal half-defense n=3, resolved p50=189.000; baseline attack=183; local policy, not an original-server Attack claim",
144,水帘洞_5,2770206074548423,剑术蛤蟆,monstermap/swordpanda.swf,17,战士,708,204,130,189,0,普通攻击,physical,1,4,"local half-defense full rerun: strict normal half-defense n=3, resolved p50=189.000; baseline attack=183; local policy, not an original-server Attack claim",
145,水帘洞_6,2890206197338884,剑术蛤蟆,monstermap/swordpanda.swf,18,战士,650,280,130,150,0,普通攻击,physical,1,4,"local half-defense full rerun: strict normal half-defense n=3, resolved p50=150.000; baseline attack=145; local policy, not an original-server Attack claim",2890206197338884;2892206197339825
145,水帘洞_6,2892206197339825,剑术蛤蟆,monstermap/swordpanda.swf,18,战士,650,280,130,150,0,普通攻击,physical,1,4,"local half-defense full rerun: strict normal half-defense n=3, resolved p50=150.000; baseline attack=145; local policy, not an original-server Attack claim",2890206197338884;2892206197339825
145,水帘洞_6,2894206197340572,法术蛤蟆,monstermap/magicpanda.swf,17,术士,510,490,130,121,0,法术普通攻击,magic,1,4,"local half-defense full rerun: strict normal half-defense n=1, resolved p50=120.500; baseline attack=116; local policy, not an original-server Attack claim",
145,水帘洞_6,2896206197341225,法术蛤蟆,monstermap/magicpanda.swf,17,术士,510,490,130,121,0,法术普通攻击,magic,1,4,"local half-defense full rerun: strict normal half-defense n=1, resolved p50=120.500; baseline attack=116; local policy, not an original-server Attack claim",
145,水帘洞_6,2898206197342379,剑术蛤蟆,monstermap/swordpanda.swf,18,战士,650,280,130,150,0,普通攻击,physical,1,4,"local half-defense full rerun: strict normal half-defense n=3, resolved p50=150.000; baseline attack=145; local policy, not an original-server Attack claim",
145,水帘洞_6,2900206197343711,剑术蛤蟆,monstermap/swordpanda.swf,18,战士,650,280,130,150,0,普通攻击,physical,1,4,"local half-defense full rerun: strict normal half-defense n=3, resolved p50=150.000; baseline attack=145; local policy, not an original-server Attack claim",
146,黄风寨_1,6887685480585492,蛮族刀客,monstermap/barbarianweapons.swf,12,战士,520,214,130,156,0,普通攻击,physical,1,4,"local half-defense full rerun: strict normal half-defense n=1, resolved p50=156.000; baseline attack=151; local policy, not an original-server Attack claim",
146,黄风寨_1,6889685480586263,蛮族刀客,monstermap/barbarianweapons.swf,12,战士,520,214,130,156,0,普通攻击,physical,1,4,"local half-defense full rerun: strict normal half-defense n=1, resolved p50=156.000; baseline attack=151; local policy, not an original-server Attack claim",
146,黄风寨_1,6891685480586720,蛮族刀客,monstermap/barbarianweapons.swf,12,战士,520,214,130,156,0,普通攻击,physical,1,4,"local half-defense full rerun: strict normal half-defense n=1, resolved p50=156.000; baseline attack=151; local policy, not an original-server Attack claim",
146,黄风寨_1,6893685480587444,蛮族刀客,monstermap/barbarianweapons.swf,12,战士,520,214,130,156,0,普通攻击,physical,1,4,"local half-defense full rerun: strict normal half-defense n=1, resolved p50=156.000; baseline attack=151; local policy, not an original-server Attack claim",
147,黄风寨_2,7633284548716137,蛮族刀客,monstermap/barbarianweapons.swf,12,战士,520,214,130,136,0,普通攻击,physical,1,4,"local half-defense full rerun: strict normal half-defense n=3, resolved p50=135.500; baseline attack=131; local policy, not an original-server Attack claim",
147,黄风寨_2,7635284548716728,蛮族刀客,monstermap/barbarianweapons.swf,12,战士,520,214,130,136,0,普通攻击,physical,1,4,"local half-defense full rerun: strict normal half-defense n=3, resolved p50=135.500; baseline attack=131; local policy, not an original-server Attack claim",
147,黄风寨_2,7637284548717286,蛮族刀客,monstermap/barbarianweapons.swf,12,战士,520,214,130,136,0,普通攻击,physical,1,4,"local half-defense full rerun: strict normal half-defense n=3, resolved p50=135.500; baseline attack=131; local policy, not an original-server Attack claim",
147,黄风寨_2,7639284548717945,蛮族刀客,monstermap/barbarianweapons.swf,12,战士,520,214,130,136,0,普通攻击,physical,1,4,"local half-defense full rerun: strict normal half-defense n=3, resolved p50=135.500; baseline attack=131; local policy, not an original-server Attack claim",
148,黄风寨_3,1060685893848234,蛮族刀客,monstermap/barbarianweapons.swf,14,战士,550,280,130,155,0,普通攻击,physical,1,4,"local half-defense full rerun: strict normal half-defense n=6, resolved p50=154.500; baseline attack=149; local policy, not an original-server Attack claim",
148,黄风寨_3,1062685893848980,蛮族刀客,monstermap/barbarianweapons.swf,14,战士,550,280,130,155,0,普通攻击,physical,1,4,"local half-defense full rerun: strict normal half-defense n=6, resolved p50=154.500; baseline attack=149; local policy, not an original-server Attack claim",
148,黄风寨_3,1064685893849658,蛮族刀客,monstermap/barbarianweapons.swf,13,战士,530,224,130,143,0,普通攻击,physical,1,4,"local half-defense full rerun: strict normal half-defense n=4, resolved p50=142.500; baseline attack=138; local policy, not an original-server Attack claim",
148,黄风寨_3,1066685893850755,蛮族刀客,monstermap/barbarianweapons.swf,13,战士,530,224,130,143,0,普通攻击,physical,1,4,"local half-defense full rerun: strict normal half-defense n=4, resolved p50=142.500; baseline attack=138; local policy, not an original-server Attack claim",
148,黄风寨_3,1068685893850410,蛮族刀客,monstermap/barbarianweapons.swf,14,战士,550,280,130,155,0,普通攻击,physical,1,4,"local half-defense full rerun: strict normal half-defense n=6, resolved p50=154.500; baseline attack=149; local policy, not an original-server Attack claim",
148,黄风寨_3,1070685893851339,蛮族刀客,monstermap/barbarianweapons.swf,14,战士,550,280,130,155,0,普通攻击,physical,1,4,"local half-defense full rerun: strict normal half-defense n=6, resolved p50=154.500; baseline attack=149; local policy, not an original-server Attack claim",
149,黄风寨_4,3206685759634939,蛮族刀客,monstermap/barbarianweapons.swf,14,战士,550,280,130,120,0,普通攻击,physical,1,4,"local half-defense full rerun: strict normal half-defense n=3, resolved p50=119.500; baseline attack=115; local policy, not an original-server Attack claim",
149,黄风寨_4,3208685759635236,蛮族刀客,monstermap/barbarianweapons.swf,14,战士,550,280,130,120,0,普通攻击,physical,1,4,"local half-defense full rerun: strict normal half-defense n=3, resolved p50=119.500; baseline attack=115; local policy, not an original-server Attack claim",
149,黄风寨_4,3210685759635176,蛮族刀客,monstermap/barbarianweapons.swf,14,战士,550,280,130,120,0,普通攻击,physical,1,4,"local half-defense full rerun: strict normal half-defense n=3, resolved p50=119.500; baseline attack=115; local policy, not an original-server Attack claim",
149,黄风寨_4,3212685759636247,蛮族刀客,monstermap/barbarianweapons.swf,14,战士,550,280,130,120,0,普通攻击,physical,1,4,"local half-defense full rerun: strict normal half-defense n=3, resolved p50=119.500; baseline attack=115; local policy, not an original-server Attack claim",
149,黄风寨_4,3214685759637760,蛮族弓手,monstermap/barbarianbowman.swf,15,游侠,530,364,130,174,0,普通攻击,physical,1,4,"local half-defense full rerun: strict normal half-defense n=1, resolved p50=174.000; baseline attack=168; local policy, not an original-server Attack claim",
149,黄风寨_4,3216685759637116,蛮族弓手,monstermap/barbarianbowman.swf,15,游侠,530,364,130,174,0,普通攻击,physical,1,4,"local half-defense full rerun: strict normal half-defense n=1, resolved p50=174.000; baseline attack=168; local policy, not an original-server Attack claim",
149,黄风寨_4,3218685759638239,黄风二寨主,monstermap/hfscastellan.swf,19,战士++,1200,564,130,166,0,普通攻击,physical,1,4,"local half-defense full rerun: same defense type inherited ratio from visible-75-8110675527789273;visible-75-8130675527791587;visible-75-8170675527794372;visible-75-8190675527795636;visible-76-1038675671970511; baseline attack=160; local policy, not an original-server Attack claim",3220685759639165;3218685759638239
149,黄风寨_4,3220685759639165,蛮族弓手,monstermap/barbarianbowman.swf,15,游侠,530,364,130,174,0,普通攻击,physical,1,4,"local half-defense full rerun: strict normal half-defense n=1, resolved p50=174.000; baseline attack=168; local policy, not an original-server Attack claim",3220685759639165;3218685759638239
150,黄风寨_5,7626685662869779,蛮族弓手,monstermap/barbarianbowman.swf,15,游侠,530,364,130,132,0,普通攻击,physical,1,4,"local half-defense full rerun: strict normal half-defense n=1, resolved p50=132.000; baseline attack=128; local policy, not an original-server Attack claim",7628685662869126;7626685662869779;7632685662871580
150,黄风寨_5,7628685662869126,蛮族弓手,monstermap/barbarianbowman.swf,15,游侠,530,364,130,132,0,普通攻击,physical,1,4,"local half-defense full rerun: strict normal half-defense n=1, resolved p50=132.000; baseline attack=128; local policy, not an original-server Attack claim",7628685662869126;7626685662869779;7632685662871580
150,黄风寨_5,7630685662870286,蛮族战士,monstermap/barbarianfighter.swf,16,战士,600,250,130,175,0,普通攻击,physical,1,4,"local half-defense full rerun: strict normal half-defense n=1, resolved p50=175.000; baseline attack=169; local policy, not an original-server Attack claim",
150,黄风寨_5,7632685662871580,蛮族战士,monstermap/barbarianfighter.swf,16,战士,600,250,130,175,0,普通攻击,physical,1,4,"local half-defense full rerun: strict normal half-defense n=1, resolved p50=175.000; baseline attack=169; local policy, not an original-server Attack claim",7628685662869126;7626685662869779;7632685662871580
150,黄风寨_5,7634685662872533,蛮族战士,monstermap/barbarianfighter.swf,16,战士,600,250,130,175,0,普通攻击,physical,1,4,"local half-defense full rerun: strict normal half-defense n=1, resolved p50=175.000; baseline attack=169; local policy, not an original-server Attack claim",
150,黄风寨_5,7636685662872653,蛮族战士,monstermap/barbarianfighter.swf,16,战士,600,250,130,175,0,普通攻击,physical,1,4,"local half-defense full rerun: strict normal half-defense n=1, resolved p50=175.000; baseline attack=169; local policy, not an original-server Attack claim",
151,黄风寨_6,3479685591196972,蛮族刀客,monstermap/barbarianweapons.swf,14,战士,550,280,130,155,0,普通攻击,physical,1,4,"local half-defense full rerun: same monster family inherited ratio from visible-148-1060685893848234;visible-148-1062685893848980;visible-148-1068685893850410;visible-148-1070685893851339;visible-149-3206685759634939; baseline attack=149; local policy, not an original-server Attack claim",
151,黄风寨_6,3481685591197274,蛮族刀客,monstermap/barbarianweapons.swf,14,战士,550,280,130,155,0,普通攻击,physical,1,4,"local half-defense full rerun: same monster family inherited ratio from visible-148-1060685893848234;visible-148-1062685893848980;visible-148-1068685893850410;visible-148-1070685893851339;visible-149-3206685759634939; baseline attack=149; local policy, not an original-server Attack claim",
151,黄风寨_6,3483685591198699,蛮族弓手,monstermap/barbarianbowman.swf,15,游侠,530,364,130,174,0,普通攻击,physical,1,4,"local half-defense full rerun: same monster family inherited ratio from visible-149-3214685759637760;visible-149-3216685759637116;visible-149-3220685759639165;visible-150-7626685662869779;visible-150-7628685662869126; baseline attack=168; local policy, not an original-server Attack claim",
151,黄风寨_6,3485685591198493,蛮族弓手,monstermap/barbarianbowman.swf,15,游侠,530,364,130,174,0,普通攻击,physical,1,4,"local half-defense full rerun: same monster family inherited ratio from visible-149-3214685759637760;visible-149-3216685759637116;visible-149-3220685759639165;visible-150-7626685662869779;visible-150-7628685662869126; baseline attack=168; local policy, not an original-server Attack claim",
152,黄风寨_7,2200685534047114,蛮族刀客,monstermap/barbarianweapons.swf,14,战士,550,280,130,155,0,普通攻击,physical,1,4,"local half-defense full rerun: same monster family inherited ratio from visible-148-1060685893848234;visible-148-1062685893848980;visible-148-1068685893850410;visible-148-1070685893851339;visible-149-3206685759634939; baseline attack=149; local policy, not an original-server Attack claim",
152,黄风寨_7,2400685534048391,蛮族刀客,monstermap/barbarianweapons.swf,14,战士,550,280,130,155,0,普通攻击,physical,1,4,"local half-defense full rerun: same monster family inherited ratio from visible-148-1060685893848234;visible-148-1062685893848980;visible-148-1068685893850410;visible-148-1070685893851339;visible-149-3206685759634939; baseline attack=149; local policy, not an original-server Attack claim",
152,黄风寨_7,2600685534049446,蛮族刀客,monstermap/barbarianweapons.swf,14,战士,550,280,130,155,0,普通攻击,physical,1,4,"local half-defense full rerun: same monster family inherited ratio from visible-148-1060685893848234;visible-148-1062685893848980;visible-148-1068685893850410;visible-148-1070685893851339;visible-149-3206685759634939; baseline attack=149; local policy, not an original-server Attack claim",2600685534049446;3000685534050820;2800685534050729
152,黄风寨_7,2800685534050729,蛮族弓手,monstermap/barbarianbowman.swf,15,游侠,530,364,130,174,0,普通攻击,physical,1,4,"local half-defense full rerun: same monster family inherited ratio from visible-149-3214685759637760;visible-149-3216685759637116;visible-149-3220685759639165;visible-150-7626685662869779;visible-150-7628685662869126; baseline attack=168; local policy, not an original-server Attack claim",2600685534049446;3000685534050820;2800685534050729
152,黄风寨_7,3000685534050820,蛮族弓手,monstermap/barbarianbowman.swf,15,游侠,530,364,130,174,0,普通攻击,physical,1,4,"local half-defense full rerun: same monster family inherited ratio from visible-149-3214685759637760;visible-149-3216685759637116;visible-149-3220685759639165;visible-150-7626685662869779;visible-150-7628685662869126; baseline attack=168; local policy, not an original-server Attack claim",2600685534049446;3000685534050820;2800685534050729
153,黄风寨_8,7486686002236449,蛮族弓手,monstermap/barbarianbowman.swf,16,游侠,560,360,130,149,0,普通攻击,physical,1,4,"local half-defense full rerun: strict normal half-defense n=4, resolved p50=149.000; baseline attack=144; local policy, not an original-server Attack claim",7486686002236449;7488686002237979
153,黄风寨_8,7488686002237979,蛮族弓手,monstermap/barbarianbowman.swf,16,游侠,560,360,130,149,0,普通攻击,physical,1,4,"local half-defense full rerun: strict normal half-defense n=4, resolved p50=149.000; baseline attack=144; local policy, not an original-server Attack claim",7486686002236449;7488686002237979
153,黄风寨_8,7490686002238200,蛮族弓手,monstermap/barbarianbowman.swf,16,游侠,560,360,130,149,0,普通攻击,physical,1,4,"local half-defense full rerun: strict normal half-defense n=4, resolved p50=149.000; baseline attack=144; local policy, not an original-server Attack claim",7490686002238200;7492686002238537
153,黄风寨_8,7492686002238537,蛮族弓手,monstermap/barbarianbowman.swf,16,游侠,560,360,130,149,0,普通攻击,physical,1,4,"local half-defense full rerun: strict normal half-defense n=4, resolved p50=149.000; baseline attack=144; local policy, not an original-server Attack claim",7490686002238200;7492686002238537
153,黄风寨_8,7494686002239485,咒巫师,monstermap/incantationshaman.swf,16,术士,500,550,130,208,0,法术普通攻击,magic,1,4,"local half-defense full rerun: strict normal half-defense n=2, resolved p50=207.500; baseline attack=200; local policy, not an original-server Attack claim",
153,黄风寨_8,7496686002240421,咒巫师,monstermap/incantationshaman.swf,16,术士,500,550,130,208,0,法术普通攻击,magic,1,4,"local half-defense full rerun: strict normal half-defense n=2, resolved p50=207.500; baseline attack=200; local policy, not an original-server Attack claim",
154,黄风寨_9,4401686309555513,蛮族战士,monstermap/barbarianfighter.swf,18,战士,630,280,130,190,0,普通攻击,physical,1,4,"local half-defense full rerun: strict normal half-defense n=1, resolved p50=189.500; baseline attack=183; local policy, not an original-server Attack claim",4401686309555513;4403686309556739
154,黄风寨_9,4403686309556739,蛮族战士,monstermap/barbarianfighter.swf,18,战士,630,280,130,190,0,普通攻击,physical,1,4,"local half-defense full rerun: strict normal half-defense n=1, resolved p50=189.500; baseline attack=183; local policy, not an original-server Attack claim",4401686309555513;4403686309556739
154,黄风寨_9,4405686309557261,蛮族战士,monstermap/barbarianfighter.swf,18,战士,630,280,130,190,0,普通攻击,physical,1,4,"local half-defense full rerun: strict normal half-defense n=1, resolved p50=189.500; baseline attack=183; local policy, not an original-server Attack claim",4405686309557261;4407686309558215
154,黄风寨_9,4407686309558215,蛮族战士,monstermap/barbarianfighter.swf,18,战士,630,280,130,190,0,普通攻击,physical,1,4,"local half-defense full rerun: strict normal half-defense n=1, resolved p50=189.500; baseline attack=183; local policy, not an original-server Attack claim",4405686309557261;4407686309558215
154,黄风寨_9,4409686309558350,蛮族弓手,monstermap/barbarianbowman.swf,17,游侠,547,350,130,129,0,普通攻击,physical,1,4,"local half-defense full rerun: same monster family inherited ratio from visible-156-1810686076568601;visible-156-1812686076568276;visible-156-1814686076569307;visible-156-1816686076570599;visible-157-7597686175728336; baseline attack=125; local policy, not an original-server Attack claim",4409686309558350;4411686309559260
154,黄风寨_9,4411686309559260,蛮族弓手,monstermap/barbarianbowman.swf,17,游侠,547,350,130,129,0,普通攻击,physical,1,4,"local half-defense full rerun: same monster family inherited ratio from visible-156-1810686076568601;visible-156-1812686076568276;visible-156-1814686076569307;visible-156-1816686076570599;visible-157-7597686175728336; baseline attack=125; local policy, not an original-server Attack claim",4409686309558350;4411686309559260
155,黄风寨_10,1800686416053680,蛮族战士,monstermap/barbarianfighter.swf,18,战士,630,280,130,140,0,普通攻击,physical,1,4,"local half-defense full rerun: strict normal half-defense n=6, resolved p50=140.250; baseline attack=136; local policy, not an original-server Attack claim",1800686416053680;2000686416054570
155,黄风寨_10,2000686416054570,蛮族战士,monstermap/barbarianfighter.swf,18,战士,630,280,130,140,0,普通攻击,physical,1,4,"local half-defense full rerun: strict normal half-defense n=6, resolved p50=140.250; baseline attack=136; local policy, not an original-server Attack claim",1800686416053680;2000686416054570
155,黄风寨_10,2200686416054601,蛮族战士,monstermap/barbarianfighter.swf,18,战士,630,280,130,140,0,普通攻击,physical,1,4,"local half-defense full rerun: strict normal half-defense n=6, resolved p50=140.250; baseline attack=136; local policy, not an original-server Attack claim",2200686416054601;2400686416055777
155,黄风寨_10,2400686416055777,蛮族战士,monstermap/barbarianfighter.swf,18,战士,630,280,130,140,0,普通攻击,physical,1,4,"local half-defense full rerun: strict normal half-defense n=6, resolved p50=140.250; baseline attack=136; local policy, not an original-server Attack claim",2200686416054601;2400686416055777
155,黄风寨_10,2600686416056495,黄风大寨主,monstermap/hfcastellan.swf,20,战士++,1500,564,130,182,0,普通攻击,physical,1,4,"local half-defense full rerun: same defense type inherited ratio from wild-56-1879687900196574;wild-51-bigswordwolf-lv21;wild-52-1478600550966619;visible-75-8110675527789273;visible-75-8130675527791587; baseline attack=176; local policy, not an original-server Attack claim",2800686416057704;2600686416056495
155,黄风寨_10,2800686416057704,黄风寨夫人,monstermap/hflady.swf,20,游侠++,1200,704,130,168,0,普通攻击,physical,1,4,"local half-defense full rerun: same defense type inherited ratio from wild-56-1879687900196574;wild-51-bigswordwolf-lv21;wild-52-1478600550966619;visible-75-8110675527789273;visible-75-8130675527791587; baseline attack=162; local policy, not an original-server Attack claim",2800686416057704;2600686416056495
156,黄风寨_11,1810686076568601,蛮族弓手,monstermap/barbarianbowman.swf,17,游侠,600,360,130,129,0,普通攻击,physical,1,4,"local half-defense full rerun: strict normal half-defense n=9, resolved p50=129.000; baseline attack=125; local policy, not an original-server Attack claim",1810686076568601;1812686076568276
156,黄风寨_11,1812686076568276,蛮族弓手,monstermap/barbarianbowman.swf,17,游侠,600,360,130,129,0,普通攻击,physical,1,4,"local half-defense full rerun: strict normal half-defense n=9, resolved p50=129.000; baseline attack=125; local policy, not an original-server Attack claim",1810686076568601;1812686076568276
156,黄风寨_11,1814686076569307,蛮族弓手,monstermap/barbarianbowman.swf,17,游侠,600,360,130,129,0,普通攻击,physical,1,4,"local half-defense full rerun: strict normal half-defense n=9, resolved p50=129.000; baseline attack=125; local policy, not an original-server Attack claim",1814686076569307;1816686076570599
156,黄风寨_11,1816686076570599,蛮族弓手,monstermap/barbarianbowman.swf,17,游侠,600,360,130,129,0,普通攻击,physical,1,4,"local half-defense full rerun: strict normal half-defense n=9, resolved p50=129.000; baseline attack=125; local policy, not an original-server Attack claim",1814686076569307;1816686076570599
156,黄风寨_11,1818686076571461,咒巫师,monstermap/incantationshaman.swf,17,术士,550,550,130,213,0,法术普通攻击,magic,1,4,"local half-defense full rerun: strict normal half-defense n=2, resolved p50=212.500; baseline attack=205; local policy, not an original-server Attack claim",
156,黄风寨_11,1820686076572431,咒巫师,monstermap/incantationshaman.swf,17,术士,550,550,130,213,0,法术普通攻击,magic,1,4,"local half-defense full rerun: strict normal half-defense n=2, resolved p50=212.500; baseline attack=205; local policy, not an original-server Attack claim",
156,黄风寨_11,1822686076573189,咒巫师,monstermap/incantationshaman.swf,17,术士,550,550,130,213,0,法术普通攻击,magic,1,4,"local half-defense full rerun: strict normal half-defense n=2, resolved p50=212.500; baseline attack=205; local policy, not an original-server Attack claim",
157,黄风寨_12,7597686175728336,蛮族弓手,monstermap/barbarianbowman.swf,17,游侠,600,360,130,184,0,普通攻击,physical,1,4,"local half-defense full rerun: strict normal half-defense n=2, resolved p50=183.750; baseline attack=178; local policy, not an original-server Attack claim",7597686175728336;7599686175728881
157,黄风寨_12,7599686175728881,蛮族弓手,monstermap/barbarianbowman.swf,17,游侠,600,360,130,184,0,普通攻击,physical,1,4,"local half-defense full rerun: strict normal half-defense n=2, resolved p50=183.750; baseline attack=178; local policy, not an original-server Attack claim",7597686175728336;7599686175728881
157,黄风寨_12,7601686175729343,咒巫师,monstermap/incantationshaman.swf,17,术士,550,550,130,212,0,法术普通攻击,magic,1,4,"local half-defense full rerun: strict normal half-defense n=1, resolved p50=211.500; baseline attack=204; local policy, not an original-server Attack claim",7601686175729343;7603686175731981
157,黄风寨_12,7603686175731981,咒巫师,monstermap/incantationshaman.swf,17,术士,550,550,130,212,0,法术普通攻击,magic,1,4,"local half-defense full rerun: strict normal half-defense n=1, resolved p50=211.500; baseline attack=204; local policy, not an original-server Attack claim",7601686175729343;7603686175731981
157,黄风寨_12,7605686175731943,蛮族战士,monstermap/barbarianfighter.swf,18,战士,630,280,130,164,0,普通攻击,physical,1,4,"local half-defense full rerun: strict normal half-defense n=2, resolved p50=163.500; baseline attack=158; local policy, not an original-server Attack claim",7605686175731943;7607686175732966
157,黄风寨_12,7607686175732966,蛮族战士,monstermap/barbarianfighter.swf,18,战士,630,280,130,164,0,普通攻击,physical,1,4,"local half-defense full rerun: strict normal half-defense n=2, resolved p50=163.500; baseline attack=158; local policy, not an original-server Attack claim",7605686175731943;7607686175732966
64,飞仙洞_1,8216674186649650,蓝咒石怪,monstermap/bluemagicrock.swf,12,战士,560,214,130,148,0,普通攻击,physical,1,4,"local half-defense full rerun: strict normal half-defense n=1, resolved p50=147.500; baseline attack=143; local policy, not an original-server Attack claim",
64,飞仙洞_1,8218674186650741,蓝咒石怪,monstermap/bluemagicrock.swf,12,战士,560,214,130,148,0,普通攻击,physical,1,4,"local half-defense full rerun: strict normal half-defense n=1, resolved p50=147.500; baseline attack=143; local policy, not an original-server Attack claim",
65,飞仙洞_2,4710674219611654,蓝咒石怪,monstermap/bluemagicrock.swf,12,战士,560,214,130,125,0,普通攻击,physical,1,4,"local half-defense full rerun: strict normal half-defense n=1, resolved p50=124.500; baseline attack=120; local policy, not an original-server Attack claim",
65,飞仙洞_2,4730674219612608,蓝咒石怪,monstermap/bluemagicrock.swf,12,战士,560,214,130,125,0,普通攻击,physical,1,4,"local half-defense full rerun: strict normal half-defense n=1, resolved p50=124.500; baseline attack=120; local policy, not an original-server Attack claim",
66,飞仙洞_3,2579674249044327,蓝咒石怪,monstermap/bluemagicrock.swf,13,战士,573,224,130,147,0,普通攻击,physical,1,4,"local half-defense full rerun: strict normal half-defense n=1, resolved p50=146.500; baseline attack=142; local policy, not an original-server Attack claim",
66,飞仙洞_3,2581674249044878,蓝咒石怪,monstermap/bluemagicrock.swf,13,战士,573,224,130,147,0,普通攻击,physical,1,4,"local half-defense full rerun: strict normal half-defense n=1, resolved p50=146.500; baseline attack=142; local policy, not an original-server Attack claim",
66,飞仙洞_3,2583674249045842,蓝咒石怪,monstermap/bluemagicrock.swf,14,战士,586,294,130,147,0,普通攻击,physical,1,4,"local half-defense full rerun: same monster family inherited ratio from visible-66-2579674249044327;visible-66-2581674249044878;visible-64-8216674186649650;visible-64-8218674186650741;visible-65-4710674219611654; baseline attack=142; local policy, not an original-server Attack claim",
67,飞仙洞_4,5375674287331644,白咒石怪,monstermap/baimagicrock.swf,15,战士,632,320,130,187,0,普通攻击,physical,1,4,"local half-defense full rerun: same vocation inherited ratio from visible-150-7630685662870286;visible-150-7632685662871580;visible-150-7634685662872533;visible-150-7636685662872653;visible-148-1060685893848234; baseline attack=181; local policy, not an original-server Attack claim",
67,飞仙洞_4,5377674287332736,蓝咒石怪,monstermap/bluemagicrock.swf,14,战士,586,294,130,147,0,普通攻击,physical,1,4,"local half-defense full rerun: same monster family inherited ratio from visible-66-2579674249044327;visible-66-2581674249044878;visible-64-8216674186649650;visible-64-8218674186650741;visible-65-4710674219611654; baseline attack=142; local policy, not an original-server Attack claim",
67,飞仙洞_4,5379674287333653,蓝咒石怪,monstermap/bluemagicrock.swf,14,战士,586,294,130,147,0,普通攻击,physical,1,4,"local half-defense full rerun: same monster family inherited ratio from visible-66-2579674249044327;visible-66-2581674249044878;visible-64-8216674186649650;visible-64-8218674186650741;visible-65-4710674219611654; baseline attack=142; local policy, not an original-server Attack claim",
68,飞仙洞_5,1509674533823464,白咒石怪,monstermap/baimagicrock.swf,15,战士,632,320,130,187,0,普通攻击,physical,1,4,"local half-defense full rerun: same vocation inherited ratio from visible-150-7630685662870286;visible-150-7632685662871580;visible-150-7634685662872533;visible-150-7636685662872653;visible-148-1060685893848234; baseline attack=181; local policy, not an original-server Attack claim",
68,飞仙洞_5,1511674533825915,白咒石怪,monstermap/baimagicrock.swf,15,战士,632,320,130,187,0,普通攻击,physical,1,4,"local half-defense full rerun: same vocation inherited ratio from visible-150-7630685662870286;visible-150-7632685662871580;visible-150-7634685662872533;visible-150-7636685662872653;visible-148-1060685893848234; baseline attack=181; local policy, not an original-server Attack claim",
68,飞仙洞_5,1513674533826981,白咒石怪,monstermap/baimagicrock.swf,15,战士,632,320,130,187,0,普通攻击,physical,1,4,"local half-defense full rerun: same vocation inherited ratio from visible-150-7630685662870286;visible-150-7632685662871580;visible-150-7634685662872533;visible-150-7636685662872653;visible-148-1060685893848234; baseline attack=181; local policy, not an original-server Attack claim",
68,飞仙洞_5,1515674533827497,白咒石怪,monstermap/baimagicrock.swf,15,战士,632,320,130,187,0,普通攻击,physical,1,4,"local half-defense full rerun: same vocation inherited ratio from visible-150-7630685662870286;visible-150-7632685662871580;visible-150-7634685662872533;visible-150-7636685662872653;visible-148-1060685893848234; baseline attack=181; local policy, not an original-server Attack claim",
69,飞仙洞_6,4255674575781235,白咒石怪,monstermap/baimagicrock.swf,16,游侠,570,364,130,157,0,普通攻击,physical,1,4,"local half-defense full rerun: same monster family inherited ratio from visible-74-9031674933909671;visible-74-9033674933911913; baseline attack=151; local policy, not an original-server Attack claim",4261674575785819;4255674575781235
69,飞仙洞_6,4257674575782978,白咒石怪,monstermap/baimagicrock.swf,16,游侠,570,364,130,157,0,普通攻击,physical,1,4,"local half-defense full rerun: same monster family inherited ratio from visible-74-9031674933909671;visible-74-9033674933911913; baseline attack=151; local policy, not an original-server Attack claim",
69,飞仙洞_6,4259674575784252,白咒石怪,monstermap/baimagicrock.swf,16,战士,745,274,130,208,0,普通攻击,physical,1,4,"local half-defense full rerun: same vocation inherited ratio from visible-150-7630685662870286;visible-150-7632685662871580;visible-150-7634685662872533;visible-150-7636685662872653;wild-50-3720596218402838; baseline attack=201; local policy, not an original-server Attack claim",
69,飞仙洞_6,4261674575785819,白咒石怪,monstermap/baimagicrock.swf,16,战士,745,274,130,208,0,普通攻击,physical,1,4,"local half-defense full rerun: same vocation inherited ratio from visible-150-7630685662870286;visible-150-7632685662871580;visible-150-7634685662872533;visible-150-7636685662872653;wild-50-3720596218402838; baseline attack=201; local policy, not an original-server Attack claim",4261674575785819;4255674575781235
71,飞仙洞_8,1183674677329555,白咒石怪,monstermap/baimagicrock.swf,16,游侠,570,364,130,157,0,普通攻击,physical,1,4,"local half-defense full rerun: same monster family inherited ratio from visible-74-9031674933909671;visible-74-9033674933911913; baseline attack=151; local policy, not an original-server Attack claim",
71,飞仙洞_8,1185674677330655,白咒石怪,monstermap/baimagicrock.swf,16,游侠,570,364,130,157,0,普通攻击,physical,1,4,"local half-defense full rerun: same monster family inherited ratio from visible-74-9031674933909671;visible-74-9033674933911913; baseline attack=151; local policy, not an original-server Attack claim",
71,飞仙洞_8,1187674677331194,白咒石怪,monstermap/baimagicrock.swf,16,战士,745,274,130,208,0,普通攻击,physical,1,4,"local half-defense full rerun: same vocation inherited ratio from visible-150-7630685662870286;visible-150-7632685662871580;visible-150-7634685662872533;visible-150-7636685662872653;wild-50-3720596218402838; baseline attack=201; local policy, not an original-server Attack claim",
71,飞仙洞_8,1189674677333369,白咒石怪,monstermap/baimagicrock.swf,16,战士,745,274,130,208,0,普通攻击,physical,1,4,"local half-defense full rerun: same vocation inherited ratio from visible-150-7630685662870286;visible-150-7632685662871580;visible-150-7634685662872533;visible-150-7636685662872653;wild-50-3720596218402838; baseline attack=201; local policy, not an original-server Attack claim",
71,飞仙洞_8,1191674677334956,白咒石怪,monstermap/baimagicrock.swf,16,游侠,570,364,130,157,0,普通攻击,physical,1,4,"local half-defense full rerun: same monster family inherited ratio from visible-74-9031674933909671;visible-74-9033674933911913; baseline attack=151; local policy, not an original-server Attack claim",
71,飞仙洞_8,1193674677335390,白咒石怪,monstermap/baimagicrock.swf,16,游侠,570,364,130,157,0,普通攻击,physical,1,4,"local half-defense full rerun: same monster family inherited ratio from visible-74-9031674933909671;visible-74-9033674933911913; baseline attack=151; local policy, not an original-server Attack claim",
72,飞仙洞_9,5313674881098281,晶石怪,monstermap/crystalrock.swf,17,战士,708,204,130,186,0,普通攻击,physical,1,4,"local half-defense full rerun: strict normal half-defense n=1, resolved p50=186.000; baseline attack=180; local policy, not an original-server Attack claim",
72,飞仙洞_9,5315674881099944,晶石怪,monstermap/crystalrock.swf,17,游侠,547,350,130,177,0,普通攻击,physical,1,4,"local half-defense full rerun: strict normal half-defense n=1, resolved p50=176.500; baseline attack=171; local policy, not an original-server Attack claim",
72,飞仙洞_9,5317674881101168,晶石怪,monstermap/crystalrock.swf,17,战士,708,204,130,186,0,普通攻击,physical,1,4,"local half-defense full rerun: strict normal half-defense n=1, resolved p50=186.000; baseline attack=180; local policy, not an original-server Attack claim",5319674881102907;5317674881101168;5321674881103452
72,飞仙洞_9,5319674881102907,晶石怪,monstermap/crystalrock.swf,17,战士,708,204,130,186,0,普通攻击,physical,1,4,"local half-defense full rerun: strict normal half-defense n=1, resolved p50=186.000; baseline attack=180; local policy, not an original-server Attack claim",5319674881102907;5317674881101168;5321674881103452
72,飞仙洞_9,5321674881103452,晶石怪,monstermap/crystalrock.swf,17,游侠,547,350,130,177,0,普通攻击,physical,1,4,"local half-defense full rerun: strict normal half-defense n=1, resolved p50=176.500; baseline attack=171; local policy, not an original-server Attack claim",5319674881102907;5317674881101168;5321674881103452
73,飞仙洞_10,5579674739334441,晶石怪,monstermap/crystalrock.swf,17,战士,708,204,130,189,0,普通攻击,physical,1,4,"local half-defense full rerun: strict normal half-defense n=2, resolved p50=188.500; baseline attack=182; local policy, not an original-server Attack claim",
73,飞仙洞_10,5581674739336439,晶石怪,monstermap/crystalrock.swf,17,战士,708,204,130,189,0,普通攻击,physical,1,4,"local half-defense full rerun: strict normal half-defense n=2, resolved p50=188.500; baseline attack=182; local policy, not an original-server Attack claim",
73,飞仙洞_10,5583674739338294,晶石怪,monstermap/crystalrock.swf,17,战士,708,204,130,189,0,普通攻击,physical,1,4,"local half-defense full rerun: strict normal half-defense n=2, resolved p50=188.500; baseline attack=182; local policy, not an original-server Attack claim",
73,飞仙洞_10,5585674739340680,晶石怪,monstermap/crystalrock.swf,17,战士,708,204,130,189,0,普通攻击,physical,1,4,"local half-defense full rerun: strict normal half-defense n=2, resolved p50=188.500; baseline attack=182; local policy, not an original-server Attack claim",
73,飞仙洞_10,5587674739342989,晶石怪,monstermap/crystalrock.swf,17,游侠,547,350,130,189,0,普通攻击,physical,1,4,"local half-defense full rerun: strict normal half-defense n=1, resolved p50=188.500; baseline attack=182; local policy, not an original-server Attack claim",
73,飞仙洞_10,5589674739343164,晶石怪,monstermap/crystalrock.swf,17,游侠,547,350,130,189,0,普通攻击,physical,1,4,"local half-defense full rerun: strict normal half-defense n=1, resolved p50=188.500; baseline attack=182; local policy, not an original-server Attack claim",
74,飞仙洞_11,9031674933909671,白咒石怪,monstermap/baimagicrock.swf,16,游侠,570,364,130,157,0,普通攻击,physical,1,4,"local half-defense full rerun: strict normal half-defense n=2, resolved p50=156.500; baseline attack=151; local policy, not an original-server Attack claim",9031674933909671;9033674933911913
74,飞仙洞_11,9033674933911913,白咒石怪,monstermap/baimagicrock.swf,16,游侠,570,364,130,157,0,普通攻击,physical,1,4,"local half-defense full rerun: strict normal half-defense n=2, resolved p50=156.500; baseline attack=151; local policy, not an original-server Attack claim",9031674933909671;9033674933911913
74,飞仙洞_11,9035674933912540,白咒石怪,monstermap/baimagicrock.swf,16,战士,745,274,130,208,0,普通攻击,physical,1,4,"local half-defense full rerun: same vocation inherited ratio from visible-150-7630685662870286;visible-150-7632685662871580;visible-150-7634685662872533;visible-150-7636685662872653;wild-50-3720596218402838; baseline attack=201; local policy, not an original-server Attack claim",
74,飞仙洞_11,9037674933914197,白咒石怪,monstermap/baimagicrock.swf,16,战士,745,274,130,208,0,普通攻击,physical,1,4,"local half-defense full rerun: same vocation inherited ratio from visible-150-7630685662870286;visible-150-7632685662871580;visible-150-7634685662872533;visible-150-7636685662872653;wild-50-3720596218402838; baseline attack=201; local policy, not an original-server Attack claim",
74,飞仙洞_11,9039674933915532,晶石怪,monstermap/crystalrock.swf,17,战士,708,204,130,157,0,普通攻击,physical,1,4,"local half-defense full rerun: strict normal half-defense n=1, resolved p50=157.000; baseline attack=152; local policy, not an original-server Attack claim",9039674933915532;9041674933916861
74,飞仙洞_11,9041674933916861,晶石怪,monstermap/crystalrock.swf,17,战士,708,204,130,157,0,普通攻击,physical,1,4,"local half-defense full rerun: strict normal half-defense n=1, resolved p50=157.000; baseline attack=152; local policy, not an original-server Attack claim",9039674933915532;9041674933916861
75,飞仙洞_12,8110675527789273,晶石怪,monstermap/crystalrock.swf,18,战士,730,280,130,169,0,普通攻击,physical,1,4,"local half-defense full rerun: strict normal half-defense n=3, resolved p50=168.500; baseline attack=163; local policy, not an original-server Attack claim",8110675527789273;8130675527791587
75,飞仙洞_12,8130675527791587,晶石怪,monstermap/crystalrock.swf,18,战士,730,280,130,169,0,普通攻击,physical,1,4,"local half-defense full rerun: strict normal half-defense n=3, resolved p50=168.500; baseline attack=163; local policy, not an original-server Attack claim",8110675527789273;8130675527791587
75,飞仙洞_12,8150675527792799,晶石怪,monstermap/crystalrock.swf,17,游侠,547,350,130,187,0,普通攻击,physical,1,4,"local half-defense full rerun: strict normal half-defense n=1, resolved p50=186.500; baseline attack=180; local policy, not an original-server Attack claim",8150675527792799;8170675527794372;8190675527795636
75,飞仙洞_12,8170675527794372,晶石怪,monstermap/crystalrock.swf,18,战士,730,280,130,169,0,普通攻击,physical,1,4,"local half-defense full rerun: strict normal half-defense n=3, resolved p50=168.500; baseline attack=163; local policy, not an original-server Attack claim",8150675527792799;8170675527794372;8190675527795636
75,飞仙洞_12,8190675527795636,晶石怪,monstermap/crystalrock.swf,18,战士,730,280,130,169,0,普通攻击,physical,1,4,"local half-defense full rerun: strict normal half-defense n=3, resolved p50=168.500; baseline attack=163; local policy, not an original-server Attack claim",8150675527792799;8170675527794372;8190675527795636
75,飞仙洞_12,8210675527797680,晶石怪,monstermap/crystalrock.swf,17,游侠,547,350,130,187,0,普通攻击,physical,1,4,"local half-defense full rerun: strict normal half-defense n=1, resolved p50=186.500; baseline attack=180; local policy, not an original-server Attack claim",
76,飞仙洞_13,1038675671970511,晶石怪,monstermap/crystalrock.swf,18,战士,730,280,130,172,0,普通攻击,physical,1,4,"local half-defense full rerun: strict normal half-defense n=2, resolved p50=171.500; baseline attack=166; local policy, not an original-server Attack claim",1038675671970511;1040675671971889
76,飞仙洞_13,1040675671971889,晶石怪,monstermap/crystalrock.swf,18,战士,730,280,130,172,0,普通攻击,physical,1,4,"local half-defense full rerun: strict normal half-defense n=2, resolved p50=171.500; baseline attack=166; local policy, not an original-server Attack claim",1038675671970511;1040675671971889
76,飞仙洞_13,1042675671973672,晶石怪,monstermap/crystalrock.swf,18,战士,730,280,130,172,0,普通攻击,physical,1,4,"local half-defense full rerun: strict normal half-defense n=2, resolved p50=171.500; baseline attack=166; local policy, not an original-server Attack claim",1042675671973672;1048675671977626
76,飞仙洞_13,1044675671974869,晶石怪,monstermap/crystalrock.swf,17,游侠,547,350,130,169,0,普通攻击,physical,1,4,"local half-defense full rerun: strict normal half-defense n=2, resolved p50=168.500; baseline attack=163; local policy, not an original-server Attack claim",1044675671974869;1046675671975970
76,飞仙洞_13,1046675671975970,晶石怪,monstermap/crystalrock.swf,17,游侠,547,350,130,169,0,普通攻击,physical,1,4,"local half-defense full rerun: strict normal half-defense n=2, resolved p50=168.500; baseline attack=163; local policy, not an original-server Attack claim",1044675671974869;1046675671975970
76,飞仙洞_13,1048675671977626,巨岩魔,monstermap/largerock.swf,20,战士++,1500,564,130,182,0,普通攻击,physical,1,4,"local half-defense full rerun: same defense type inherited ratio from wild-56-1879687900196574;wild-51-bigswordwolf-lv21;wild-52-1478600550966619;visible-75-8110675527789273;visible-75-8130675527791587; baseline attack=176; local policy, not an original-server Attack claim",1042675671973672;1048675671977626
77,飞仙洞_14,3028675136602500,晶石怪,monstermap/crystalrock.swf,18,战士,730,280,130,152,0,普通攻击,physical,1,4,"local half-defense full rerun: strict normal half-defense n=9, resolved p50=151.500; baseline attack=146; local policy, not an original-server Attack claim",3028675136602500;3030675136603700
77,飞仙洞_14,3030675136603700,晶石怪,monstermap/crystalrock.swf,18,战士,730,280,130,152,0,普通攻击,physical,1,4,"local half-defense full rerun: strict normal half-defense n=9, resolved p50=151.500; baseline attack=146; local policy, not an original-server Attack claim",3028675136602500;3030675136603700
77,飞仙洞_14,3032675136605872,晶石怪,monstermap/crystalrock.swf,17,游侠,547,350,130,140,0,普通攻击,physical,1,4,"local half-defense full rerun: strict normal half-defense n=4, resolved p50=139.500; baseline attack=135; local policy, not an original-server Attack claim",
77,飞仙洞_14,3034675136606406,晶石怪,monstermap/crystalrock.swf,18,战士,730,280,130,152,0,普通攻击,physical,1,4,"local half-defense full rerun: strict normal half-defense n=9, resolved p50=151.500; baseline attack=146; local policy, not an original-server Attack claim",3034675136606406;3036675136607240
77,飞仙洞_14,3036675136607240,晶石怪,monstermap/crystalrock.swf,18,战士,730,280,130,152,0,普通攻击,physical,1,4,"local half-defense full rerun: strict normal half-defense n=9, resolved p50=151.500; baseline attack=146; local policy, not an original-server Attack claim",3034675136606406;3036675136607240
77,飞仙洞_14,3038675136609295,晶石怪,monstermap/crystalrock.swf,17,游侠,547,350,130,140,0,普通攻击,physical,1,4,"local half-defense full rerun: strict normal half-defense n=4, resolved p50=139.500; baseline attack=135; local policy, not an original-server Attack claim",
78,飞仙洞_15,1675675260682596,晶石怪,monstermap/crystalrock.swf,17,游侠,547,350,130,140,0,普通攻击,physical,1,4,"local half-defense full rerun: strict normal half-defense n=4, resolved p50=139.750; baseline attack=135; local policy, not an original-server Attack claim",1675675260682596;1677675260684828
78,飞仙洞_15,1677675260684828,晶石怪,monstermap/crystalrock.swf,17,游侠,547,350,130,140,0,普通攻击,physical,1,4,"local half-defense full rerun: strict normal half-defense n=4, resolved p50=139.750; baseline attack=135; local policy, not an original-server Attack claim",1675675260682596;1677675260684828
78,飞仙洞_15,1679675260685862,晶石怪,monstermap/crystalrock.swf,17,游侠,547,350,130,140,0,普通攻击,physical,1,4,"local half-defense full rerun: strict normal half-defense n=4, resolved p50=139.750; baseline attack=135; local policy, not an original-server Attack claim",1679675260685862;1681675260686878
78,飞仙洞_15,1681675260686878,岩化魔人,monstermap/magicrockman.swf,20,游侠++,1500,564,130,168,0,普通攻击,physical,1,4,"local half-defense full rerun: same defense type inherited ratio from wild-56-1879687900196574;wild-51-bigswordwolf-lv21;wild-52-1478600550966619;visible-75-8110675527789273;visible-75-8130675527791587; baseline attack=162; local policy, not an original-server Attack claim",1679675260685862;1681675260686878
158,狮虎窟_1,5835621591157688,黑影,monstermap/blackshadow.swf,25,游侠+,2300,724,130,212,0,普通攻击,physical,1,4,"local half-defense full rerun: strict normal half-defense n=10, resolved p50=211.500; baseline attack=204; local policy, not an original-server Attack claim",
158,狮虎窟_1,5837621591158929,黑影,monstermap/blackshadow.swf,25,游侠+,2300,724,130,212,0,普通攻击,physical,1,4,"local half-defense full rerun: strict normal half-defense n=10, resolved p50=211.500; baseline attack=204; local policy, not an original-server Attack claim",
158,狮虎窟_1,5839621591159706,黑影,monstermap/blackshadow.swf,25,游侠+,2300,724,130,212,0,普通攻击,physical,1,4,"local half-defense full rerun: strict normal half-defense n=10, resolved p50=211.500; baseline attack=204; local policy, not an original-server Attack claim",
159,狮虎窟_2,3309621687155655,蛮虎怪,monstermap/powertiger.swf,25,战士+,3000,584,130,205,0,普通攻击,physical,1,4,"local half-defense full rerun: strict normal half-defense n=7, resolved p50=204.500; baseline attack=198; local policy, not an original-server Attack claim",
159,狮虎窟_2,3311621687156296,蛮虎怪,monstermap/powertiger.swf,25,战士+,3000,584,130,205,0,普通攻击,physical,1,4,"local half-defense full rerun: strict normal half-defense n=7, resolved p50=204.500; baseline attack=198; local policy, not an original-server Attack claim",
159,狮虎窟_2,3313621687156409,黑影,monstermap/blackshadow.swf,25,游侠+,2300,724,130,266,0,普通攻击,physical,1,4,"local half-defense full rerun: strict normal half-defense n=1, resolved p50=265.500; baseline attack=257; local policy, not an original-server Attack claim",
159,狮虎窟_2,3315621687157919,黑影,monstermap/blackshadow.swf,25,游侠+,2300,724,130,266,0,普通攻击,physical,1,4,"local half-defense full rerun: strict normal half-defense n=1, resolved p50=265.500; baseline attack=257; local policy, not an original-server Attack claim",
160,狮虎窟_3,3822621817511562,蛮虎怪,monstermap/powertiger.swf,25,战士+,3000,584,130,229,0,普通攻击,physical,1,4,"local half-defense full rerun: strict normal half-defense n=4, resolved p50=228.500; baseline attack=221; local policy, not an original-server Attack claim",
160,狮虎窟_3,3824621817512450,蛮虎怪,monstermap/powertiger.swf,25,战士+,3000,584,130,229,0,普通攻击,physical,1,4,"local half-defense full rerun: strict normal half-defense n=4, resolved p50=228.500; baseline attack=221; local policy, not an original-server Attack claim",
160,狮虎窟_3,3826621817513876,盘狮怪,monstermap/whorllion.swf,25,战士+,2600,384,130,251,0,普通攻击,physical,1,4,"local half-defense full rerun: same monster family inherited ratio from visible-163-8088622782646450;visible-163-8090622782647529;visible-163-8092622782648950;visible-166-1959622577208401;visible-166-1961622577209280; baseline attack=242; local policy, not an original-server Attack claim",
161,狮虎窟_4,9325621886740100,蛮虎怪,monstermap/powertiger.swf,26,战士+,3000,584,130,220,0,普通攻击,physical,1,4,"local half-defense full rerun: cross-target half-defense calibration n=21, resolved p50=220.125; baseline attack=213; local policy, not an original-server Attack claim",9325621886740100;9327621886741599
161,狮虎窟_4,9327621886741599,蛮虎怪,monstermap/powertiger.swf,26,战士+,3000,584,130,220,0,普通攻击,physical,1,4,"local half-defense full rerun: cross-target half-defense calibration n=21, resolved p50=220.125; baseline attack=213; local policy, not an original-server Attack claim",9325621886740100;9327621886741599
161,狮虎窟_4,9329621886741609,蛮虎怪,monstermap/powertiger.swf,26,战士+,3000,584,130,220,0,普通攻击,physical,1,4,"local half-defense full rerun: cross-target half-defense calibration n=21, resolved p50=220.125; baseline attack=213; local policy, not an original-server Attack claim",9329621886741609;9331621886742375
161,狮虎窟_4,9331621886742375,蛮虎怪,monstermap/powertiger.swf,26,战士+,3000,584,130,220,0,普通攻击,physical,1,4,"local half-defense full rerun: cross-target half-defense calibration n=21, resolved p50=220.125; baseline attack=213; local policy, not an original-server Attack claim",9329621886741609;9331621886742375
161,狮虎窟_4,9333621886743795,蛮虎队长,monstermap/powertiger.swf,28,战士+,3500,600,130,234,0,普通攻击,physical,1,4,"local half-defense full rerun: strict normal half-defense n=4, resolved p50=234.000; baseline attack=226; local policy, not an original-server Attack claim",
162,狮虎窟_5,5697622889787853,黑影,monstermap/blackshadow.swf,25,游侠+,2300,724,130,225,0,普通攻击,physical,1,4,"local half-defense full rerun: strict normal half-defense n=5, resolved p50=224.500; baseline attack=217; local policy, not an original-server Attack claim",
162,狮虎窟_5,5699622889788202,黑影,monstermap/blackshadow.swf,25,游侠+,2300,724,130,225,0,普通攻击,physical,1,4,"local half-defense full rerun: strict normal half-defense n=5, resolved p50=224.500; baseline attack=217; local policy, not an original-server Attack claim",
162,狮虎窟_5,5701622889789230,黑影,monstermap/blackshadow.swf,25,游侠+,2300,724,130,225,0,普通攻击,physical,1,4,"local half-defense full rerun: strict normal half-defense n=5, resolved p50=224.500; baseline attack=217; local policy, not an original-server Attack claim",
162,狮虎窟_5,5703622889791824,黑影,monstermap/blackshadow.swf,25,游侠+,2300,724,130,225,0,普通攻击,physical,1,4,"local half-defense full rerun: strict normal half-defense n=5, resolved p50=224.500; baseline attack=217; local policy, not an original-server Attack claim",
163,狮虎窟_6,8088622782646450,盘狮怪,monstermap/whorllion.swf,26,战士+,2800,400,130,249,0,普通攻击,physical,1,4,"local half-defense full rerun: strict normal half-defense n=6, resolved p50=248.500; baseline attack=240; local policy, not an original-server Attack claim",8088622782646450;8090622782647529
163,狮虎窟_6,8090622782647529,盘狮怪,monstermap/whorllion.swf,26,战士+,2800,400,130,249,0,普通攻击,physical,1,4,"local half-defense full rerun: strict normal half-defense n=6, resolved p50=248.500; baseline attack=240; local policy, not an original-server Attack claim",8088622782646450;8090622782647529
163,狮虎窟_6,8092622782648950,盘狮怪,monstermap/whorllion.swf,26,战士+,2800,400,130,249,0,普通攻击,physical,1,4,"local half-defense full rerun: strict normal half-defense n=6, resolved p50=248.500; baseline attack=240; local policy, not an original-server Attack claim",
163,狮虎窟_6,8094622782649492,盘狮队长,monstermap/whorllion.swf,26,战士+,3300,440,130,246,0,普通攻击,physical,1,4,"local half-defense full rerun: strict normal half-defense n=1, resolved p50=245.500; baseline attack=237; local policy, not an original-server Attack claim",
164,狮虎窟_7,7283622130690284,黑影,monstermap/blackshadow.swf,27,游侠+,2750,724,130,205,0,普通攻击,physical,1,4,"local half-defense full rerun: strict normal half-defense n=12, resolved p50=204.500; baseline attack=198; local policy, not an original-server Attack claim",
164,狮虎窟_7,7285622130691644,黑影,monstermap/blackshadow.swf,27,游侠+,2750,724,130,205,0,普通攻击,physical,1,4,"local half-defense full rerun: strict normal half-defense n=12, resolved p50=204.500; baseline attack=198; local policy, not an original-server Attack claim",
164,狮虎窟_7,7287622130692195,黑影,monstermap/blackshadow.swf,27,游侠+,2750,724,130,205,0,普通攻击,physical,1,4,"local half-defense full rerun: strict normal half-defense n=12, resolved p50=204.500; baseline attack=198; local policy, not an original-server Attack claim",
165,狮虎窟_8,3850623006742112,黑影,monstermap/blackshadow.swf,26,游侠+,2500,724,130,227,0,普通攻击,physical,1,4,"local half-defense full rerun: strict normal half-defense n=5, resolved p50=226.500; baseline attack=219; local policy, not an original-server Attack claim",
165,狮虎窟_8,3852623006743553,黑影,monstermap/blackshadow.swf,26,游侠+,2500,724,130,227,0,普通攻击,physical,1,4,"local half-defense full rerun: strict normal half-defense n=5, resolved p50=226.500; baseline attack=219; local policy, not an original-server Attack claim",
165,狮虎窟_8,3854623006744837,黑影,monstermap/blackshadow.swf,26,游侠+,2500,724,130,227,0,普通攻击,physical,1,4,"local half-defense full rerun: strict normal half-defense n=5, resolved p50=226.500; baseline attack=219; local policy, not an original-server Attack claim",
165,狮虎窟_8,3856623006745359,黑影队长,monstermap/blackshadow.swf,26,游侠+,3000,760,130,243,0,普通攻击,physical,1,4,"local half-defense full rerun: strict normal half-defense n=1, resolved p50=242.500; baseline attack=234; local policy, not an original-server Attack claim",
166,狮虎窟_9,1957622577207441,蛮虎怪,monstermap/powertiger.swf,27,战士+,3200,600,130,254,0,普通攻击,physical,1,4,"local half-defense full rerun: strict normal half-defense n=3, resolved p50=253.500; baseline attack=245; local policy, not an original-server Attack claim",
166,狮虎窟_9,1959622577208401,盘狮怪,monstermap/whorllion.swf,27,战士+,3000,384,130,226,0,普通攻击,physical,1,4,"local half-defense full rerun: strict normal half-defense n=3, resolved p50=225.500; baseline attack=218; local policy, not an original-server Attack claim",1959622577208401;1961622577209280
166,狮虎窟_9,1961622577209280,盘狮怪,monstermap/whorllion.swf,27,战士+,3000,384,130,226,0,普通攻击,physical,1,4,"local half-defense full rerun: strict normal half-defense n=3, resolved p50=225.500; baseline attack=218; local policy, not an original-server Attack claim",1959622577208401;1961622577209280
167,狮虎窟_10,7542622260835182,盘狮怪,monstermap/whorllion.swf,27,战士+,3000,384,130,230,0,普通攻击,physical,1,4,"local half-defense full rerun: strict normal half-defense n=10, resolved p50=230.000; baseline attack=222; local policy, not an original-server Attack claim",7542622260835182;7544622260836750
167,狮虎窟_10,7544622260836750,盘狮怪,monstermap/whorllion.swf,27,战士+,3000,384,130,230,0,普通攻击,physical,1,4,"local half-defense full rerun: strict normal half-defense n=10, resolved p50=230.000; baseline attack=222; local policy, not an original-server Attack claim",7542622260835182;7544622260836750
167,狮虎窟_10,7546622260836700,蛮虎怪,monstermap/powertiger.swf,27,战士+,3200,600,130,223,0,普通攻击,physical,1,4,"local half-defense full rerun: strict normal half-defense n=4, resolved p50=223.250; baseline attack=216; local policy, not an original-server Attack claim",7546622260836700;7548622260837633;7550622260838906
167,狮虎窟_10,7548622260837633,盘狮怪,monstermap/whorllion.swf,27,战士+,3000,384,130,230,0,普通攻击,physical,1,4,"local half-defense full rerun: strict normal half-defense n=10, resolved p50=230.000; baseline attack=222; local policy, not an original-server Attack claim",7546622260836700;7548622260837633;7550622260838906
167,狮虎窟_10,7550622260838906,蚩颅王,monstermap/chiluking.swf,30,战士++,6000,600,130,267,0,普通攻击,physical,1,4,"local half-defense full rerun: same defense type inherited ratio from visible-179-7655309792053800;visible-179-7657309792054436;visible-179-7659309792055843;visible-179-7661309792056337;visible-180-7409309986903451; baseline attack=257; local policy, not an original-server Attack claim",7546622260836700;7548622260837633;7550622260838906
171,沼泽_9,7893833328746190,百年虫精,monstermap/wocmon.swf,30,术士++,8000,1500,180,210,0,法术普通攻击,magic,1,4,"local half-defense full rerun: same defense type inherited ratio from visible-186-6375311593668581;visible-186-6377311593669524;visible-186-9621310624912921;wild-196-yaozhisen-robothyun-lv34;wild-201-yaozhisen-robothyun-lv34; baseline attack=202; local policy, not an original-server Attack claim",7893833328746190;7895833328747103;7897833328748728;7899833328749140
171,沼泽_9,7895833328747103,被控制的民兵,monstermap/militia.swf,30,游侠+,1800,600,180,228,50,普通攻击,physical,1,4,"local half-defense full rerun: strict normal half-defense n=8, resolved p50=227.500; map171 劈山棍法 Lv5 unit-roll defense candidates=37|63, resolved p50=50, n=2; local policy, not an original-server Defense claim",7893833328746190;7895833328747103;7897833328748728;7899833328749140
171,沼泽_9,7897833328748728,被控制的民兵,monstermap/militia.swf,30,战士+,2000,500,180,236,117,普通攻击,physical,1,4,"local half-defense full rerun: strict normal half-defense n=14, resolved p50=236.000; map171 劈山棍法 Lv5 warrior-group unit-roll defense candidates=129|105, resolved p50=117, n=2; identical captured warrior profile; local policy, not an original-server Defense claim",7893833328746190;7895833328747103;7897833328748728;7899833328749140
171,沼泽_9,7899833328749140,被控制的民兵,monstermap/militia.swf,30,战士+,2000,500,180,236,117,普通攻击,physical,1,4,"local half-defense full rerun: strict normal half-defense n=14, resolved p50=236.000; map171 劈山棍法 Lv5 warrior-group unit-roll defense candidates=129|105, resolved p50=117, n=2; identical captured warrior profile; local policy, not an original-server Defense claim",7893833328746190;7895833328747103;7897833328748728;7899833328749140
203,雷兽神坛,4264636384163425,熊鹿,monstermap/beardeer.swf,40,术士++,20000,3102,130,313,0,法术普通攻击,magic,1,4,"local half-defense full rerun: same defense type inherited ratio from wild-216-caoba-glassss-lv40;wild-222-caoba-glassss-lv42;visible-203-4266636384163669;visible-203-4268636384164547;visible-203-4270636384165790; baseline attack=302; local policy, not an original-server Attack claim",4264636384163425;4266636384163669;4268636384164547;4270636384165790
203,雷兽神坛,4266636384163669,机木玄师,monstermap/robothyun.swf,35,术士+,2200,860,130,226,0,法术普通攻击,magic,1,4,"local half-defense full rerun: strict normal half-defense n=1, resolved p50=225.500; baseline attack=218; local policy, not an original-server Attack claim",4264636384163425;4266636384163669;4268636384164547;4270636384165790
203,雷兽神坛,4268636384164547,机木玄师,monstermap/robothyun.swf,35,术士+,2200,860,130,226,0,法术普通攻击,magic,1,4,"local half-defense full rerun: strict normal half-defense n=1, resolved p50=225.500; baseline attack=218; local policy, not an original-server Attack claim",4264636384163425;4266636384163669;4268636384164547;4270636384165790
203,雷兽神坛,4270636384165790,机木玄师,monstermap/robothyun.swf,35,术士+,2200,860,130,226,0,法术普通攻击,magic,1,4,"local half-defense full rerun: strict normal half-defense n=1, resolved p50=225.500; baseline attack=218; local policy, not an original-server Attack claim",4264636384163425;4266636384163669;4268636384164547;4270636384165790
